Close,High,Low,Open,Volume,Daily Return,50-day MA,200-day MA,Volatility,daily_return
104.05561065673828,104.09504897070379,103.49362784638602,103.90771885988994,99700,0.5238617802677092,104.39496780395508,98.72604621887207,0.6901624514353562,0.005238617802677092
72.2602310180664,72.31702196545307,71.95737244130368,71.95737244130368,149400,1.7457597039527428,69.4450553894043,67.96868797302245,1.3845535213215003,0.017457597039527428
83.54752349853516,84.10952749848403,83.39512043796687,83.96664463291572,117700,-0.3974645366203289,82.62757308959961,77.18525512695312,0.8679175434342268,-0.003974645366203289
89.07073211669922,89.88477940002132,88.83814084114294,89.49713466780248,70700,-0.6807743828809998,90.10243453979493,93.36127254486084,1.1367060797759363,-0.006807743828809998
91.23854064941406,91.63730556536463,90.59663598651613,90.89813609937254,72600,1.3504932044811957,91.02009521484375,90.42023937225342,1.0831484785520729,0.013504932044811957
93.0301513671875,93.0301513671875,92.03413535540992,92.24896423736797,353200,0.03150172668839879,93.67600326538086,90.43381359100341,0.8920453072603877,0.0003150172668839879
95.43775939941406,95.612199135722,94.8659818328519,95.0598004759908,80900,0.46928756637731883,87.73952270507813,94.2581880569458,0.9379562842847861,0.004692875663773188
87.97563171386719,90.08828765750222,87.97563171386719,89.47775221915975,103400,-1.003270689404867,90.26989715576173,93.13515518188477,1.146120850451915,-0.01003270689404867
69.23210144042969,70.55519059984461,69.15703102873766,69.66374556899603,1119000,-0.2972933537608524,71.8350732421875,66.83483242034912,1.0297461245617656,-0.002972933537608524
72.0808334350586,72.25982943578745,71.17640875627643,71.17640875627643,160700,2.2450720629259013,66.52842361450195,67.36827318191528,1.0901322220888534,0.022450720629259013
110.53321075439452,110.84870975998531,110.31630377765906,110.57264907035459,145800,-0.035658650393222135,106.83299301147461,102.20397071838379,0.5086800161896252,-0.0003565865039324434
101.48443603515624,101.53358404007324,101.04213398663421,101.47460493438632,115900,0.38207281653297454,98.76196044921875,93.75549255371094,0.6869330752689717,0.0038207281653297454
81.12808990478516,82.20446820344156,81.05188471655117,82.20446820344156,106700,-0.8613547815077505,79.5852066040039,73.69172916412353,0.5848040945207522,-0.008613547815077505
104.30208587646484,104.67673854510855,103.720380196054,104.00630230715917,122900,0.19888672977108612,104.28021621704102,99.00580356597901,0.657173986472102,0.0019888672977108612
89.68125915527344,89.78786163146296,89.02226539051433,89.642493946322,94100,0.47773222804741167,90.0357598876953,93.41769981384277,1.1589996489615744,0.004777322280474117
109.68531036376952,109.76418699899563,109.10361210367945,109.2022041366671,139600,0.3699117154744025,105.24090454101562,101.38831398010254,0.5636434997231267,0.003699117154744025
89.40341186523438,90.45634961039615,88.58230496891075,90.1858704600795,234800,0.3578383627081516,94.55846969604492,96.7910754776001,1.3690907358269646,0.003578383627081516
93.89922332763672,93.92851681733595,93.28403024386168,93.4695656119872,121300,0.7966397513833989,92.2517953491211,89.86145584106445,0.8484538171006571,0.007966397513834211
81.49958801269531,81.69010099940833,81.44243775034509,81.4805403476877,50500,0.4225482135333136,79.8183723449707,73.89136699676514,0.5740796843219587,0.004225482135333136
69.28827667236328,69.3163236795504,69.04519072171999,69.04519072171999,38400,0.8436922453733064,66.27606018066406,64.02351842880249,0.37567140886051986,0.008436922453733064
96.3068389892578,96.30683898925781,95.72873931939222,95.92470847674453,108000,0.13244030786183636,95.41959869384766,92.25573650360107,0.6513752718275964,0.0013244030786183636
118.1740951538086,118.52032613741363,117.78829383675307,118.4609744108726,272700,-0.34204329206986017,113.65122100830078,105.82296390533448,0.5575755011244584,-0.0034204329206986017
101.05197143554688,101.82846352625457,100.87504909210799,101.82846352625457,133600,-1.0300283973646462,104.88449600219727,98.22773170471191,0.6965262853117733,-0.010300283973646462
75.27108001708984,75.66044215881834,75.10013859633769,75.40403365040491,33700,-0.2742830180249456,74.8095571899414,70.2163557434082,1.1167431737590978,-0.002742830180249456
86.67704772949219,86.97746893307902,85.64010215606625,86.95809002053223,185700,-1.0181140255995258,90.34917037963868,93.00858589172363,1.126106028705503,-0.010181140255995258
87.56859588623047,88.10160822189059,87.3069325964675,87.85933123180997,86000,-0.4626688319335548,90.31156875610351,93.07568454742432,1.1158824423308351,-0.004626688319335548
86.95806884765625,87.47169493274555,86.79331485943081,87.46200178197755,81100,-0.7411472721156054,86.53899383544922,94.48037090301514,1.1325466278500647,-0.007411472721156054
118.96548461914062,118.96548461914062,118.07517100046248,118.61925364167392,252700,0.8131426916690554,113.05090606689453,105.50728996276855,0.5841831741224142,0.008131426916690554
101.80768585205078,102.27107666783148,101.44288706637263,101.86683956569436,111600,0.44747747614153344,104.69609939575196,98.34777862548827,0.6837135698542092,0.004474774761415334
79.50659942626953,79.72502008934376,78.63290228311722,78.63290228311722,73700,1.4541968539245387,75.70266647338867,71.07662837982178,1.1040360295190246,0.014541968539245387
93.76727294921876,95.02190574632354,93.3490595434297,94.35082464048519,115400,-0.6184890437270107,90.6112190246582,90.48562915802002,1.0263649121845122,-0.0061848904372701075
103.79926300048828,103.85841670903757,103.20770334872816,103.26685705727745,261100,0.9880068930747887,103.63272628784179,99.63526718139649,0.8084358741331026,0.00988006893074811
99.92237854003906,100.01055904450962,99.84399088575978,99.9419717158798,94100,0.27532209086149617,96.44284378051758,92.77914543151856,0.7123933746914126,0.0027532209086147397
73.58607482910156,74.31799334325778,73.35148519461008,74.289843732576,300200,-1.4328860699625912,71.77748321533203,66.74154094696046,0.7123504014394046,-0.014328860699625912
89.90573120117188,90.0409707792887,89.00734979225058,89.55797018029884,110900,1.7269750614421264,94.02089706420898,96.65599174499512,1.4405364760775439,0.017269750614421264
104.18742370605467,104.79682454432883,104.05964937659732,104.5412683864805,133800,-0.6374212282187708,100.52457290649414,94.84870361328124,0.5724555317739887,-0.006374212282187819
102.93164825439452,103.22742433524996,101.25555370785578,101.45274528384888,174900,0.8403375790827283,104.45413650512695,98.5945080947876,0.7047693788189014,0.008403375790827061
79.86119842529297,81.20428748968521,79.17537359738266,81.20428748968521,289100,-1.0971041171781382,78.55664291381837,72.76280311584473,0.5246653814593794,-0.010971041171781382
108.68951416015624,108.68951416015625,108.15710815242723,108.29513850382845,140700,0.7033893404839509,103.70209503173828,100.3059091949463,0.7576791643021367,0.0070338934048395085
74.84398651123047,74.88184472965288,74.09630294400058,74.10576930378541,47400,0.8030788147348256,71.72323837280274,68.8473588180542,0.9583724685195399,0.008030788147348256
90.32086181640624,90.96047663953557,90.13673632581128,90.4274642869278,93800,-0.9248437071880056,88.80982391357422,94.0256797027588,1.129575020531498,-0.009248437071880056
99.97137451171876,100.29471800908843,99.76561250669955,99.98117483827934,133400,0.08827601757455117,97.41991241455078,93.0267140197754,0.6948302228993759,0.0008827601757455117
76.12577056884766,76.16375110259705,75.35653072000369,75.49898308056206,97100,1.4683483082332582,74.96853790283203,70.33212245941162,1.1567034779201895,0.014683483082332582
99.45206451416016,100.294713146504,99.34428335359581,100.11834465425858,119200,-0.5973971386613153,97.19533645629883,92.95308479309082,0.7462542677605831,-0.005973971386613042
101.59788513183594,101.66647246703282,100.87281047351587,101.46071046144216,138700,0.2513918850401309,97.74501754760742,93.16021091461181,0.7028742921843762,0.002513918850401309
69.24508666992188,69.43350579937426,68.76460854577053,68.76460854577053,67100,1.4772754589267745,63.89711051940918,66.98342014312745,1.5366575702059406,0.014772754589267745
82.92154693603516,83.08577275602407,82.5931100360672,82.5931100360672,53300,0.692088902443766,89.94340301513672,95.66655529022216,1.535547679792589,0.00692088902443766
83.41419982910156,84.06192943441678,83.24274177865556,83.73806826542277,83500,-0.30735007736409914,82.84684921264649,77.5142136001587,0.8352799059268946,-0.0030735007736409914
111.39097595214844,111.55858315153108,110.91772368802678,110.92758514742857,192100,0.659300778118177,106.28067199707031,101.8930883026123,0.5329583036449795,0.006593007781181992
113.04985809326172,113.04985809326172,112.63438089772556,112.63438089772556,119000,0.47476703752338256,109.27875396728516,103.34835304260254,0.4810109655637946,0.004747670375233826
72.9605712890625,74.66415485654227,72.8753957210466,74.66415485654227,50300,-1.746134815021827,74.70826446533204,70.10727230072021,1.0459342253472086,-0.01746134815021827
102.0250473022461,102.19213854230408,101.66137151600195,102.11350472382962,90200,0.17371519113502654,99.42617797851562,94.16345920562745,0.6200931771899271,0.0017371519113502654
89.50502014160156,89.95420436237269,89.20230336780372,89.7686689961762,174800,-0.5856847511892749,91.39239639282226,90.27009574890137,0.8884118770765895,-0.005856847511892749
91.08291625976562,91.71510028096917,91.05373979144665,91.42332075725629,71800,-0.5838763845881334,88.99467346191406,91.20366752624511,1.260068115900538,-0.005838763845881334
89.88664245605469,90.16869405876392,88.9335097216357,88.99186266693326,186100,1.7617298148891125,89.45889129638672,91.46400497436524,1.2738329354204276,0.017617298148891125
68.3626708984375,68.39071789788217,68.1008822599282,68.39071789788217,52400,0.06844753857446761,66.78972702026367,64.39446821212769,0.4242100385262445,0.0006844753857446761
92.0243682861328,92.03413526712798,91.05764576827251,91.2724746500245,103000,1.213608241540154,91.87139770507812,89.95838958740234,0.8873855833879326,0.012136082415401317
95.56216430664062,96.52239442033388,95.45438314667122,96.52239442033388,228900,-1.3553250696311747,95.3297476196289,92.16763439178467,0.6516314858960871,-0.013553250696311747
84.66999816894531,87.03669792376893,84.59271631188895,86.62131715459542,85800,-1.9026328120297253,88.67968002319336,95.30670017242431,1.5539127233721743,-0.019026328120297253
90.9370346069336,91.05374791087858,90.2464975875156,90.47991677514342,106500,-0.2879355193087241,88.67261016845703,90.7576379776001,1.4106129074539218,-0.0028793551930870187
76.36773681640625,76.66112894990638,76.02702011008272,76.66112894990638,44900,0.061988483797281724,72.95603378295898,69.43211154937744,0.6097632900311583,0.0006198848379728172
95.69596862792967,96.0377384544533,95.52996720505013,95.69596862792969,147700,-0.3660059675248628,92.52514419555663,89.86583820343017,0.8286555341652639,-0.003660059675248739
66.5769271850586,66.64237255291712,65.87572375814152,66.04401286592203,79700,0.8497087721532681,65.01950546264648,63.11870920181274,0.7093334560696013,0.008497087721532681
91.8901824951172,92.15277817592714,91.71511623448961,91.8123736192243,67900,0.13779076007904845,88.711533203125,90.69349090576172,1.3073839669074308,0.0013779076007904845
106.59552764892578,106.59552764892578,105.3177618408351,105.3177618408351,502100,1.2037956759114676,103.59729339599609,97.05356178283691,0.6281977577024331,0.012037956759114676
92.20990753173828,92.50285737365745,91.47754037696434,92.2001405503346,240300,-0.07406308094314307,91.48021362304688,90.13504123687744,0.940851657996848,-0.0007406308094314307
104.22322082519533,104.52885836454266,103.9767369974405,104.04575216832826,116200,0.4084401107019797,103.62066452026367,99.69718902587891,0.7561785066101248,0.004084401107020019
67.45508575439453,67.99208825598318,67.3514530621818,67.3514530621818,86900,0.6748990742868388,63.861110076904296,66.85129528045654,2.988368366758347,0.006748990742868388
78.53791809082031,78.97477384593648,78.53791809082031,78.96527509158352,84200,-0.5412101751686826,76.11564117431641,71.24674831390381,1.0588890627296004,-0.005412101751686826
69.39582824707031,70.1683581840182,68.38776361493687,69.9705087525532,101300,1.0563652950097868,67.56549865722656,67.55241746902466,1.2923863445714272,0.010563652950097868
104.56092071533205,104.87544847979267,104.3741747763586,104.61989982668513,162100,0.009384311110194332,100.84278228759766,95.00847866058349,0.5717481993087198,9.384311110216537e-05
69.34436798095703,69.3911177464534,69.21347719718247,69.33502373426795,54100,0.08095353397081784,66.34530242919922,64.07606056213379,0.3524872551369408,0.0008095353397081784
86.59949493408203,87.50076570586664,86.58980178345642,86.66733220104614,100100,-0.08947327746117173,90.37262283325195,92.93543125152588,1.0668082891144035,-0.0008947327746117173
111.35153198242188,111.44026254626375,110.45432727465622,110.54306536058728,163500,0.6057270620355659,105.76936599731445,101.64092197418213,0.5277639779337843,0.006057270620355881
100.14773559570312,100.87280272285307,100.13793526986834,100.87280272285307,170800,-1.0839157571992497,98.2684390258789,93.44873138427734,0.6625658342810777,-0.010839157571992497
74.399169921875,74.52220373018599,72.91326897841238,72.9700527021378,69900,1.9056373240569968,74.73041137695313,70.15203304290772,1.0838575269130981,0.019056373240569968
68.54029083251953,68.54029083251953,68.29721212965708,68.44679847503323,40600,0.534841404130737,65.87801666259766,63.72048957824707,0.5252340925137001,0.00534841404130737
89.98167419433594,90.75696353349312,89.54557856212696,90.73757723347528,74700,-0.3755362994208089,88.96242538452148,93.9764011001587,1.1091138536804548,-0.003755362994207867
85.48501586914062,86.67702196343696,85.22335996213803,86.2215400200368,52900,-0.7538134435732924,87.24202362060547,94.8412697982788,1.317653488783608,-0.007538134435732924
91.61785125732422,92.65852085458175,90.95649065400318,92.36674870092595,213500,0.6517935848403988,88.60084609985351,90.83081684112548,1.4569551642156142,0.006517935848403988
118.11474609375,118.26313296072188,117.89711302849386,118.26313296072188,111900,0.06704085096636003,112.24411102294921,105.07858547210694,0.5771315079263568,0.0006704085096636003
121.54739379882812,121.75513239122024,120.76589668615138,121.23083867509686,259100,0.48250518970121004,115.05998504638671,106.66667652130127,0.6347015318031581,0.004825051897012322
82.92838287353516,83.24272377592551,82.6235694350333,83.24272377592551,136100,-0.2063428933212319,82.78855346679687,77.38442630767823,0.8219005501752618,-0.002063428933212319
78.71837615966797,79.91496589126545,78.71837615966797,79.91496589126545,103600,-1.3214397475732498,75.95536087036133,71.19312244415283,1.084008602339065,-0.013214397475732498
91.0926513671875,91.0926513671875,89.40034186934037,89.92554060105891,185200,3.9511678262073247,88.48606536865235,90.88826721191407,1.4996119155285905,0.039511678262073247
100.59845733642578,100.72583915088359,99.6676281831008,99.6676281831008,134400,1.3124258009957979,98.587861328125,93.64918014526367,0.7087028864174838,0.0131242580099582
72.7050552368164,72.7050552368164,71.67344570454503,71.82487138070248,85100,1.0922669844047217,69.81602157592773,68.09549034118652,1.3452445719116557,0.010922669844047217
77.82568359375,78.13907735879481,77.20840206587378,77.20840206587378,84200,1.260358303647413,75.35336639404296,70.490862159729,1.200180807428303,0.01260358303647413
108.9261245727539,109.04443198301583,108.55146438135473,109.04443198301583,111700,-0.40566938203467906,103.85018508911133,100.50362739562988,0.7592689883415993,-0.004056693820346791
76.11627960205078,76.50564169896576,75.91684917503159,76.06879306186245,74100,-0.0623263599332291,75.61837005615234,70.6904217529297,1.00532031313795,-0.000623263599332291
69.04515838623047,69.39108795656145,69.04515838623047,69.28824422303089,37800,-0.5252989307050537,66.94791763305665,64.48412427902221,0.5049523859021873,-0.005252989307050537
70.4050521850586,70.4050521850586,69.98279363328516,70.25491851564689,53300,0.8061317397713763,68.4606396484375,65.1538080406189,0.5541392549125618,0.008061317397713763
62.1133041381836,64.43089356039248,62.113304138183594,64.43089356039248,235000,-1.0060068339812434,66.54436477661133,66.65642705917358,5.059333242684218,-0.010060068339812323
97.14948272705078,97.30625056948566,96.49300290315365,96.49300290315365,172300,0.43556915984519495,94.93833648681641,91.54830951690674,0.8512094193274443,0.0043556915984519495
100.49066925048828,100.49066925048828,99.94197062742546,100.07914528319117,85700,0.34242776708359735,98.36642120361329,93.50801162719726,0.6619117430842809,0.0034242776708359735
108.37400817871094,109.22191315262376,108.3444313227518,109.054305954129,92500,0.045505329250894455,104.26077026367187,100.90179412841798,0.7337388313747805,0.00045505329250894455
65.88507080078125,65.94116478868176,65.79157844327717,65.81962543722743,46100,0.5564924684122285,64.92954895019531,63.01877006530762,0.698588016215498,0.0055649246841222855
93.08645629882812,94.36054502159557,92.63906642228584,94.22438320787671,113000,-1.0544838127015344,89.79212432861328,90.50192916870117,1.2097417379796502,-0.010544838127015566
93.1180419921875,93.53793278725598,92.20013945179969,92.31732087717596,117100,1.1884609766123155,91.98115386962891,89.93953018188476,0.9143466741172693,0.011884609766123377
79.81998443603516,79.81998443603516,79.58256628749898,79.69652236172313,89000,0.23850101827374015,77.22054840087891,71.50873386383057,1.0137029440985799,0.0023850101827374015
73.51898956298828,73.67041524029351,73.12148903675428,73.51898956298828,61200,0.3358487367693508,70.39374084472657,68.29091445922852,1.3355149108067284,0.003358487367693508
96.41461944580078,96.71836229313278,96.22845061655397,96.3754256146194,96000,-0.535720385520333,95.69027801513671,92.50611198425293,0.5840806885652824,-0.005357203855203552
72.3662109375,72.47880937697873,72.15977091964594,72.22545572904428,102300,-0.14245084729881397,69.75371902465821,65.7402945137024,0.5367203952759358,-0.0014245084729881397
66.62603759765625,67.47393825469982,66.44703435124407,67.04998433231266,173400,-1.7095021414360811,64.07579498291015,66.823299369812,3.2182413098381195,-0.01709502141436081
103.07675170898438,103.22418074703965,102.71307591760255,103.1455544263881,112100,0.3252770989001563,99.71179168701173,94.40037189483643,0.5992015073519027,0.0032527709890015633
71.99085235595703,72.15975714203309,71.50290201435693,71.54982279458592,80400,1.2136757527430486,70.42607757568359,66.12213064193726,0.6454177886267577,0.012136757527430486
72.11825561523438,73.65148103327135,72.0046881758579,72.82808099420605,118000,-0.8070960398430249,69.90269027709961,68.12763793945312,1.3531243980590901,-0.00807096039843025
87.63023376464844,88.53474148411478,87.56215285760311,88.47638854100803,156700,-1.325158159881512,88.4638458251953,90.90278728485107,1.3320154689318175,-0.013251581598815121
92.51260375976562,93.15709034040201,92.40518932965956,93.15709034040201,108700,-0.25269544411971046,91.68157424926758,90.04762245178223,0.8620849482794274,-0.0025269544411971046
76.93560028076172,76.99238399504151,76.32041690010374,76.75577555792047,33200,0.7435907989792323,73.09966934204101,69.47726688385009,0.5792540425617274,0.007435907989792323
115.73068237304688,116.00766716134802,115.3547755242481,115.88896370765863,164700,0.15409640998742535,110.70463851928712,104.08312732696533,0.5040571296138578,0.0015409640998742535
112.3573989868164,113.22792373514892,111.98148456925361,112.47610244729319,225600,-0.4644614973787209,109.6230860900879,103.52446281433106,0.49467978790401584,-0.004644614973787209
74.39305877685547,74.76840359879954,74.34614514855434,74.61826280637911,61800,0.06309071219130491,70.9877684020996,66.4070100402832,0.6899698696241765,0.0006309071219130491
89.78981018066406,90.68819160735944,89.19089414287008,90.68819160735944,214700,-1.8272223912341512,93.05540130615235,96.37869724273682,1.6820237690648316,-0.018272223912341512
86.30752563476562,87.6788793663652,85.88931216558244,87.6788793663652,142100,-2.793297433519637,90.31886001586913,92.26804611206055,1.2088932585106587,-0.02793297433519637
103.70580291748048,104.61990040974692,103.69597181571126,104.61990040974692,95100,-0.724503943032373,104.98239303588868,98.0670541381836,0.6402299188365386,-0.00724503943032373
64.45917510986328,64.77007318621231,62.55611575848417,63.07427203133582,225500,3.77676087953851,66.39598281860351,66.65670045852661,5.1123484868624125,0.03776760879538488
67.98870086669922,68.16634139111981,67.78301334010942,67.94195110774272,55900,0.26200117730077466,65.6591764831543,63.558961715698246,0.6603405361540916,0.0026200117730077466
65.19401550292969,65.80638850038477,64.81717721624618,64.83601625548852,242100,1.1400089930005297,66.25873214721679,66.66180715560913,5.113979591748666,0.011400089930005297
69.9333724975586,70.02686488064124,69.67158383871094,69.67158383871094,71400,0.49711845183049164,67.42398872375489,64.70462343215942,0.4941323408696476,0.004971184518304916
75.41352081298828,76.00231331415624,74.97666494734764,75.16660385532802,73300,0.18923708264328987,74.83855178833008,70.24586017608642,1.1171946230538263,0.0018923708264328987
94.02986907958984,94.03959704356687,93.0767289569259,93.26152317117743,83500,1.2568080009806248,90.34492431640625,90.48905296325684,1.0933167456889574,0.012568080009806248
82.8807601928711,83.31892905706015,82.49021411353321,82.49021411353321,122700,0.9279631672548527,80.59417709350586,74.93857341766358,0.8754778677413896,0.009279631672548527
105.18997955322266,105.45536681532634,104.8557970737542,105.13100793894792,111400,0.2623226106339249,101.16105377197266,95.18352661132812,0.5449948819908789,0.0026232261063392492
71.12759399414062,72.23485757251008,70.92115392983479,72.15040156479,182800,-1.456030467460523,70.36061950683593,66.08188049316406,0.6180759976000288,-0.014560304674605229
72.85646057128906,74.03950255287802,72.62931131190902,74.03950255287802,90100,-1.2697554738005268,70.8357162475586,68.47113489151,1.296853754459009,-0.012697554738005268
94.8565673828125,94.8565673828125,92.17222070088036,92.54180912724618,218800,2.0295133758513773,89.23253448486328,90.54151592254638,1.2427039069608314,0.020295133758513995
73.77376556396484,74.13033930231703,73.71745917225002,73.95204885358648,110100,-0.49361763958606364,70.80265182495117,66.31310852050781,0.7063701643335256,-0.004936176395860636
82.82360076904297,83.12841420090672,82.6616702230928,83.04268882975386,85500,-0.06896585370972375,80.67989074707032,75.01560443878174,0.8761391497945344,-0.0006896585370972375
81.14713287353516,82.4044892247408,80.8423194328588,82.39496176078433,211200,-1.786948168253466,80.39895172119141,74.61168327331544,0.6502818383121355,-0.01786948168253466
110.66138458251952,110.94730674443373,110.40504680046402,110.94730674443373,224500,-0.2931412549159629,106.11148544311523,101.81329502105713,0.5277054288232214,-0.00293141254915974
114.8008041381836,114.89972619712205,114.37543249220589,114.60295247303739,226700,0.667938599343354,110.14459548950195,103.79284397125244,0.5136337675362624,0.00667938599343354
106.49723815917967,106.56604087515338,105.76006298849003,105.87801371541649,114800,0.02769628334509111,104.35698516845703,97.51700176239014,0.6339512082215704,0.00027696283345068906
80.29483032226562,80.29483032226562,79.08874192622643,79.44962219217253,84600,0.16583261793587933,78.07810424804687,72.09114986419678,0.6289008682217425,0.0016583261793587933
102.7425537109375,103.14554638067716,102.58529358296744,103.0570814658108,161300,0.32632365507525574,99.60186859130859,94.31798561096191,0.6180774203681582,0.0032632365507527794
97.69818115234376,97.80596231427005,96.60077635612072,96.63017733474855,142800,1.5376832543450236,95.09920349121094,91.87438899993896,0.7653455371730123,0.015376832543450236
62.7445182800293,63.02715412682135,61.011039503707316,61.16177335099576,163300,6.611147707339393,66.7276530456543,66.6680221748352,5.083183204196367,0.06611147707339393
73.34862518310547,73.37701704399059,72.30754936658552,72.58201605633742,40100,0.4666907436830181,71.33888442993164,68.67030876159669,0.9596350453697031,0.004666907436830181
92.96973419189452,93.17398431340025,92.66823412152395,92.95028568617388,115000,0.44129707826863207,89.1127473449707,90.54641956329345,1.2026745993838206,0.004412970782686321
69.72557067871094,70.93147045953039,69.2450925140086,70.84667681271014,96500,-2.2066730941468937,68.808896484375,67.79758586883545,1.304365961335138,-0.022066730941468937
83.099853515625,83.7571105446293,83.04270325826,83.4427695944684,112000,-0.5812022356501911,82.7603581237793,77.3189303970337,0.8595282136576031,-0.005812022356501911
84.50006103515625,84.52863615304292,84.07141973220808,84.39528075802244,95300,0.11283446633310046,81.4949919128418,75.79756336212158,0.8747529842094874,0.0011283446633310046
92.7274398803711,92.8250873381069,91.85836484148257,91.96577927999898,136900,0.5612546010358876,91.5203010559082,90.10862602233887,0.9430810470202743,0.0056125460103588765
65.0810317993164,65.36151603980123,64.95949243271194,65.25867229382416,35200,-0.47184946180856,64.69437370300292,62.72322546005249,0.7289658592595403,-0.0047184946180856
81.54981994628906,82.38058157207725,80.92191768912298,82.36126479078176,203200,-2.8762056427200533,90.50329711914063,95.81223236083984,1.5608853384670922,-0.028762056427200533
65.01499938964844,66.08900398793668,64.86425837135594,65.96652511364219,173400,-2.597047523231033,65.28146606445313,66.73039585113526,4.878090956002437,-0.02597047523231033
72.36434173583984,72.8280923673887,72.27916614300605,72.63880845839032,97400,-0.377841914950805,71.1613963317871,68.5922815322876,1.0025066635041409,-0.00377841914950805
65.29608154296875,65.33347992754813,65.16519076344719,65.31478430176469,31700,0.33043382642652386,64.71506019592285,62.77975271224975,0.7282021976882856,0.0033043382642652386
90.23738861083984,91.42869941528673,90.17879418109646,90.9599886774768,141200,-0.4309866214499469,91.40606796264649,90.20737655639648,0.9064364896397541,-0.004309866214499469
70.54107666015625,70.62522479816526,70.50368541327626,70.62522479816526,15200,0.039773718271374214,68.07115280151368,64.98098894119262,0.515143462389815,0.00039773718271374214
120.96373748779295,121.11212434893396,120.63728790273665,120.87470989946993,211700,0.13920996748673087,114.84226486206055,106.54522583007812,0.6469081635633361,0.0013920996748673087
80.68419647216797,81.12104507043252,80.54174410969672,80.98809146424018,133000,0.6277292057028871,78.30450653076171,72.45194158554077,0.5588800829580032,0.0062772920570288715
96.75755310058594,97.02210210846926,96.45381026274607,96.6497719370701,115600,-0.40342945269816743,94.93964782714843,91.60932388305665,0.8527349059269838,-0.004034294526981674
74.5338134765625,74.69333269810154,74.2241534636171,74.69333269810154,159400,-0.23866835881702908,71.45400451660156,66.59983783721924,0.6690879694916576,-0.002386683588170291
80.79467010498047,82.0424986945315,80.04216051311167,81.69958274716537,311900,-1.2342916789114367,82.17941528320313,76.63425064086914,1.0125341132062433,-0.012342916789114367
87.67426300048828,89.77048364500877,87.63562207160267,88.91074324481366,207700,-1.9340971766856008,94.43337036132813,96.75806045532227,1.3715938028643666,-0.019340971766856008
65.62739562988281,65.95713274046948,64.98676044885875,65.53317886594668,87300,-0.8116300391326381,65.86989837646485,66.69128364562988,5.066950976366894,-0.008116300391326381
105.07203674316406,105.68143009025337,104.9246002079563,105.67160648712422,169100,-0.9359722206437215,101.93716125488281,95.664944190979,0.5964879504516504,-0.009359722206437437
82.62357330322266,83.18557742174637,82.57595051620177,83.15700229606865,81800,-0.5275157645750039,80.36614105224609,74.5319176864624,0.5456023698594866,-0.005275157645750039
78.65811157226562,78.78114536348623,77.89150252558979,78.05239453427443,73000,1.353662769795938,73.75214996337891,69.7112045288086,0.6363895104650469,0.01353662769795938
75.07112884521484,75.43077109032228,74.52219550737965,74.52219550737965,72600,1.2251259768782496,74.39196640014649,69.92510185241699,0.9761420995311054,0.012251259768782496
75.07112884521484,75.09005434412919,74.72094573920614,74.7682703175673,45900,0.07568945598686039,72.59113891601562,69.30176807403565,0.6249384343009187,0.0007568945598686039
68.28414154052734,68.3595048840096,67.87903391992616,68.05802994689218,66000,1.20076517897445,63.782144927978514,66.89640319824218,2.3491925426774376,0.0120076517897445
104.62973022460938,105.71092651541082,104.57075860835981,105.71092651541082,188300,-0.6440158572232679,102.41433471679687,96.00502960205078,0.5565512940739785,-0.006440158572232679
103.77460479736328,105.52416595153812,103.77460479736328,105.38656052360977,137900,-1.0032828730911159,103.36484756469727,96.8080541229248,0.5757087417538546,-0.010032828730911159
93.72346496582033,93.72346496582031,92.93250340921115,93.27427324230221,172100,0.5974253754657433,92.10894638061524,89.88979228973389,0.8885061984159592,0.005974253754657655
107.93034362792967,108.14725060778055,107.6838597912064,108.03879711785511,130300,0.12805273632390257,103.65765975952148,100.23195774078368,0.7693300652968588,0.0012805273632388037
86.31220245361328,87.15262611875679,86.18662495560498,87.00772447028322,88200,-0.5011130079005555,88.88582473754883,95.36494033813477,1.5255876049734447,-0.005011130079005555
105.32759857177734,105.42588710089338,104.83614842726311,105.18016202863626,194900,0.5913948174097294,103.4953807067871,96.97604740142822,0.5923859986107212,0.005913948174097294
101.7386703491211,101.77810866545228,100.81188872056262,101.04851109645999,120100,1.0082195209114797,103.66246902465821,99.5286499786377,0.7756699792156521,0.010082195209114797
66.96517944335938,66.98401848045435,65.50490609185577,66.00422323375362,140900,0.5374821770891769,63.73626861572266,66.93359367370606,1.9635989608758804,0.005374821770891769
72.03778839111328,72.03778839111328,71.7656706902567,71.85950512080464,46200,0.8009405673808478,69.44729690551758,65.59753379821777,0.5520860290697536,0.008009405673808478
88.8672103881836,89.1482526262491,88.28574700315858,88.96412711377783,63200,-0.2393467117747794,90.23307067871093,93.19576091766358,1.1345340365609307,-0.002393467117747794
74.74964904785156,74.93731790304214,74.57135862404498,74.62765784878056,138200,0.28958074358684804,71.58174407958984,66.6503116607666,0.6690231280811717,0.0028958074358684804
94.74957275390624,95.22614647590373,94.38971974699332,95.02189635489817,83800,-0.11279622682787149,89.36801330566406,90.52822330474854,1.2309693320345922,-0.001127962268278826
67.09263610839844,69.7857277154828,66.45455201009412,69.15702204809075,1610200,-2.442334643610844,71.66651412963867,66.92745109558105,1.4095181168794884,-0.02442334643610844
70.58782196044922,70.68131433776811,70.40083720581144,70.40083720581144,39600,0.8145284006740416,67.86509231567383,64.88456661224365,0.5160218557914705,0.008145284006740416
92.1524887084961,92.85994089797715,92.04589361620438,92.82117568545823,91500,-0.8859826323738718,88.09478912353515,94.17778743743897,1.0194690017682528,-0.008859826323738496
104.82630920410156,104.92459772560349,104.40366181260315,104.43314761916038,85200,0.9178669021745911,103.31621780395508,96.73273014068603,0.5432941371476475,0.009178669021745911
95.97915649414062,96.62363570788986,95.79362110001979,96.37951332616197,168000,-0.7372168250061595,92.64246505737304,89.88951629638672,0.8280040805436356,-0.007372168250061595
68.75519561767578,69.09434862792759,68.02034373023032,68.1805079037482,109100,0.6898440348244828,63.829471588134766,66.91211826324462,2.212068687121623,0.0068984403482448275
87.1439437866211,88.04845155108481,86.98833345717436,87.45517186577727,106900,-0.7202091683513712,89.59518447875976,91.59634021759034,1.2212200656556782,-0.007202091683513712
74.6933364868164,74.73087168657192,74.45874685767495,74.6370372667368,93400,0.4036367302245658,71.08969909667968,66.45497661590576,0.6872659295770663,0.004036367302245658
61.75531768798828,61.75531768798828,58.76882691060683,58.76882691060683,560000,5.555546137361866,68.42417419433593,66.79218160629273,4.740944834642544,0.05555546137361844
102.10366821289062,103.40109615325395,102.10366821289062,103.40109615325395,189800,-1.5448843358019992,104.9762989807129,98.10314380645752,0.6884093128454668,-0.015448843358020103
95.1604461669922,95.32701434189863,94.8469029949205,95.27802018435726,201700,0.3202269820066661,94.3139909362793,90.75556507110596,0.938383539496424,0.003202269820066883
70.01750946044922,70.04555646045375,69.74637657205342,69.74637657205342,31800,0.496485105775335,67.74859924316407,64.83577472686767,0.5088885563426239,0.00496485105775335
91.8714370727539,92.06525570623162,91.56132282296541,91.94896008992083,111800,0.052760920825134505,86.94112869262695,94.3941079711914,1.0572357357277151,0.000527609208251123
113.20813751220705,113.31695404451602,112.41674592219064,112.72340657836897,152500,0.7571717866933225,109.79410797119141,103.60823444366456,0.5052017543020346,0.007571717866933447
84.0047607421875,84.35719696437452,83.54753695220695,84.3476767678415,106900,-0.022663778487719277,81.12383270263672,75.46266304016113,0.9052884117110124,-0.00022663778487719277
82.85218048095703,83.22367161192443,82.81407789479047,83.20461668517854,221800,-0.7530978097706975,81.70475891113281,76.04359432220458,0.8560645553538542,-0.007530978097706975
83.55909729003906,83.91652035939431,83.0760967276689,83.15337858644901,97400,0.7688596963774774,89.68277603149414,95.5995989227295,1.5035995268088158,0.007688596963774774
92.59043884277344,92.60016680719184,91.75401198909617,92.08469599695734,97100,0.7620578484469398,88.72203674316407,90.66506610870361,1.2886067776962589,0.007620578484469176
88.35968780517578,88.9432395800503,87.82476843665054,87.98037878049416,158800,2.2164903186972618,90.30694961547852,92.47208385467529,1.144126443297553,0.022164903186972618
80.06690216064453,80.10488993768887,79.63005359277615,79.94344731932118,90000,0.059342286480035256,76.95091690063477,71.45851089477539,1.0070633014418549,0.0005934228648003526
87.67426300048828,89.3937438008785,87.64528414632497,88.53400340068339,88800,-1.1544271203153822,91.9097947692871,96.14103832244874,1.6189454550517504,-0.011544271203153822
87.9853286743164,88.53772001683915,87.51046775726908,88.53772001683915,72500,-0.6130109904353365,86.59097763061523,94.54592102050782,1.3275729774176688,-0.006130109904353365
83.6713638305664,83.83330164476533,82.91886134396042,82.91886134396042,82900,0.8959308397033183,82.81998718261718,77.449633102417,0.83939535774518,0.008959308397033183
77.6075668334961,77.6075668334961,76.74630866244878,76.850416951712,48100,0.9851938971944696,73.59554473876953,69.66061542510987,0.6119107749414763,0.009851938971944696
110.6811065673828,110.68110656738281,109.97123189857084,109.9909472962201,104600,0.5914060433914958,105.56981262207032,101.55419746398925,0.5424547061979864,0.005914060433914958
110.21075439453124,110.79439984244044,110.101937862333,110.78450537207618,236200,-0.624381462525625,107.59411804199219,102.64745803833007,0.47224669345003534,-0.006243814625256361
66.3810806274414,66.74850301269959,65.69334423974485,65.92887177838368,187000,2.10117857512504,65.1221646118164,66.73936264038086,4.793401453863575,0.0210117857512504
105.85002899169922,105.90918271077966,105.33733835270075,105.85002899169922,134400,0.36460906308375396,103.66390457153321,99.89673507690429,0.735746259267301,0.0036460906308375396
83.86663055419922,84.44809403732668,82.91690119658053,83.6437323989172,99400,-0.9272807518539317,88.20845123291015,95.18711696624756,1.3937392681061596,-0.009272807518539317
102.78375244140624,102.9316442371067,101.93584750295221,102.0344395260561,224500,1.0272220864484538,103.63419891357422,99.57883388519286,0.7970981805753425,0.010272220864484316
120.31085205078124,121.04288437684015,120.30095758025799,120.96374370719333,277500,-0.401277894573826,114.45384384155274,106.30243705749511,0.651287634656713,-0.00401277894573826
84.71185302734375,84.92205000460663,84.21500525289314,84.55897454608288,134400,-0.04508316259105305,83.05249755859376,77.75257694244385,0.88120048308625,-0.0004508316259105305
91.82299041748048,92.0555742860306,90.92171960892733,91.35781528667232,87400,1.304385959596166,86.8361262512207,94.40819061279296,1.0590295699869003,0.013043859595961882
58.50504302978516,61.07700708442869,57.939778337212125,59.11741610829367,345100,-1.114649845798965,68.6183757019043,66.79967792510986,4.604495299682938,-0.011146498457989651
96.37950897216795,96.68222577785139,95.65690884090392,95.8424442266431,168700,1.700161092044672,92.40167297363281,89.8675191116333,0.8480754988102741,0.017001610920446497
71.91950225830078,72.09932699047536,71.05825125725183,71.76807660545653,82000,0.11859209957403305,69.72760330200195,68.05774421691895,1.333329867406471,0.0011859209957403305
78.58541870117188,79.63005725899008,78.58541870117188,79.28817449527823,85900,-0.49302590774585875,77.7177980041504,71.79528118133545,0.7844059521643214,-0.0049302590774585875
97.3062515258789,97.54141450503049,96.96331485893954,97.25726484514968,100900,0.07052886685556814,95.00698379516602,91.72254154205322,0.7555519819891008,0.0007052886685556814
92.259765625,93.03783956111177,91.76374330522218,92.91139827984239,186600,-1.6077116000111968,90.68046768188476,90.4725598526001,1.0636569315900213,-0.01607711600011208
117.52120971679688,117.70915937651031,116.91777530758,117.40249871018592,199100,0.35479183977464857,111.72302505493164,104.767971534729,0.5687821832685445,0.0035479183977464857
69.84203338623047,69.84203338623047,69.33531886498609,69.6262077504917,75400,-0.16096464928814225,68.3584602355957,65.11105220794678,0.5381145932067168,-0.0016096464928814225
70.82785034179688,70.84668938458347,70.16837602830184,70.33795616430498,96500,0.05327309439295824,68.59296493530273,67.74267120361328,1.2752748245567922,0.0005327309439295824
60.62479019165039,62.82933180669555,60.54941965027285,62.377115746160754,265500,-2.381659200832331,67.72702667236328,66.75113080978393,4.882690027455417,-0.023816592008323312
97.3062515258789,97.39443951192543,96.56159118494162,96.61057786567085,180700,0.9247892956517401,95.73342041015626,92.53842235565186,0.6027853899498669,0.0092478929565174
95.86591339111328,96.13046988301645,95.84632021323031,96.06188254723764,75700,-0.45783415048407106,95.4608854675293,92.29242599487304,0.6517247306027726,-0.0045783415048405995
102.07388305664062,102.43868183506775,101.55133853760282,102.3696666631588,112000,-0.3848788449167251,104.49930313110352,98.53113098144532,0.7071077439314116,-0.003848788449167251
108.47259521484376,108.541610382936,107.91061241120995,108.48245667373955,128300,-0.17240224419218242,104.62386138916015,101.0936083984375,0.6523770918190376,-0.0017240224419217132
68.28414154052734,68.76461250461078,67.62466017401896,67.62466017401896,144900,1.9265875758999629,64.37568695068359,66.80066135406494,3.298886270572054,0.01926587575899963
88.78762817382812,89.64350360538566,88.72927522311791,89.01131943172616,131600,-0.010928920432307088,90.36734008789062,92.34136363983154,1.1378754172923167,-0.00010928920432307088
82.94744110107422,83.8523539886899,82.94744110107422,83.82377886321322,113200,-0.5595674705069831,82.87199584960938,77.56854663848877,0.8382636101564599,-0.005595674705069831
94.76829528808594,95.34442043398921,93.51838265032109,93.67462452380016,156300,0.9255368997215463,92.3118864440918,89.86050773620606,0.837536769242043,0.009255368997215463
79.00328063964844,79.17422202933093,78.52844425113352,78.98428312666799,101900,0.5925323208720412,76.2124559020996,71.27106605529785,1.0625042556751187,0.005925323208720412
101.8481216430664,102.71307112131407,101.79897363338715,102.24127572476681,104900,-0.9463693606705181,99.33964065551758,94.09321212768555,0.6480749063347623,-0.009463693606705181
65.52045440673828,65.63264239759576,65.11843079580754,65.13712641661358,37300,0.30055489483207243,64.86690742492675,62.97097274780273,0.6952596954191013,0.0030055489483207243
85.5099868774414,86.85216387787023,85.39328099584729,86.09353854619818,116300,-0.6441396702382196,90.34114929199218,92.62377319335937,1.059358766018421,-0.006441396702382196
98.8837661743164,99.42267198240148,98.54082951256161,99.38347815313543,279600,-0.718150512710225,96.66863906860351,92.83884140014648,0.7296717498032463,-0.00718150512710225
70.49810028076172,70.86552264355873,70.09299265155865,70.45099190082175,74000,-0.18675434366688393,66.25690780639648,67.32778076171876,1.0436050601871123,-0.0018675434366688393
108.32471466064452,108.64021365733866,108.05850791594328,108.27541488656225,139400,-0.23608172493186919,104.18254287719726,100.83791568756104,0.7559751673077025,-0.002360817249318803
108.44302368164062,108.59091548397811,108.1866859144845,108.45288514102033,90100,-0.22678404666748309,103.7410107421875,100.37428283691406,0.7540158821434354,-0.002267840466674609
68.77228546142578,68.77228546142578,65.76015596748961,66.56714473448753,911400,3.5900944192533757,71.71809341430664,66.9079362487793,1.3475163213663237,0.03590094419253376
82.28064727783203,82.4235301562115,82.03299137378771,82.30922966736799,60400,-0.11565986183240673,80.10160186767578,74.2368154335022,0.5768040615948817,-0.0011565986183240673
83.06173706054688,83.06173706054688,82.04251645943714,82.84265626565605,226600,0.49557012718375315,80.28100936889649,74.4410956954956,0.5540951507339288,0.0049557012718375315
105.2292938232422,106.53655289905998,105.15066750582568,106.497235990885,184700,-1.1723580671601064,104.85166732788086,97.91378028869629,0.6379758492204027,-0.011723580671600953
87.15190124511719,87.21973852377621,85.97928120332037,86.2215582547753,52200,1.8921611486103496,86.62967742919922,94.62055763244629,1.3364255894405992,0.018921611486103496
80.18087768554688,80.24735449412722,79.97194850274327,80.10490211990398,37600,0.09485205451036371,78.2387890625,72.33591131210328,0.6066417127543652,0.0009485205451036371
76.44865417480469,76.51513097557437,75.85036296787764,75.85036296787764,61900,1.5388690545676154,75.10097808837891,70.39237037658691,1.1862202485759583,0.015388690545676154
94.28839874267578,95.18983437782062,94.25899776451061,95.04285938882867,124800,-0.4448600037071704,94.18023498535156,90.61880729675293,0.9366832430004536,-0.004448600037071482
58.85361862182617,59.93704307175922,58.22240299111318,59.37177845386935,91500,-1.6220311330503612,66.91633338928223,66.6756728363037,4.927458288564928,-0.016220311330503612
67.83393859863281,69.00688675431721,67.25215373613469,68.26558266083178,543000,-3.0575407395518783,71.61055435180664,66.97981531143188,1.7163686257726767,-0.030575407395518783
69.75382232666016,70.07413626306861,67.94497292784772,68.35008049830631,81500,0.5158726232292743,67.76409545898437,67.5829977798462,1.2488799303841136,0.005158726232292743
88.25269317626953,88.89460525538155,88.06790637613398,88.65145808970505,80600,-0.7763704234512225,88.75781036376954,91.0522671508789,1.3086721333738354,-0.007763704234512225
82.37592315673828,82.52832626016907,81.8329739287369,82.32829309904503,107300,0.722123904372185,80.0134521484375,74.11968029022216,0.5758426716052107,0.00722123904372185
89.20054626464844,90.27280817415887,88.57265138773147,90.15689274826856,136300,-0.6562703661250446,92.9147640991211,96.34895427703857,1.6478681825035912,-0.006562703661250446
96.5321807861328,97.54140498672733,96.50278728547181,97.36503650730342,220600,-0.7954994952613426,95.04558120727539,91.76973373413085,0.7427379219273805,-0.007954994952613537
104.14434051513672,104.80492286696635,103.62179602229462,104.22321714253268,118600,0.08527157530326956,104.36638824462891,98.7955354309082,0.6497856913527333,0.0008527157530326956
87.71397399902344,87.98532307721744,87.00652185055374,87.24879886947095,80000,0.6449345864818268,86.60226425170899,94.5902991104126,1.3389718599367133,0.006449345864818268
71.31378936767578,72.09933119850871,71.22861378686409,71.58825605148671,111600,1.0459996620716172,69.22432312011719,67.91343585968018,1.3551156429914912,0.010459996620716172
88.14570617675781,89.03076540494887,87.80530163524683,88.99186096873868,210000,1.2060260217522156,89.7569108581543,91.75735126495361,1.2456062866598934,0.012060260217522156
69.98011016845703,70.08295392247075,69.92401616918086,70.08295392247075,32800,0.06683171314250114,67.52458763122559,64.74945379257203,0.4935181294748467,0.0006683171314250114
102.8211898803711,102.83102098201111,102.04469782734394,102.31007758015743,131100,-0.15271612892137076,99.22705108642577,94.02830757141113,0.6428598631144963,-0.0015271612892138187
75.33612060546875,76.7179129323551,74.05843656258965,76.3866625835666,217500,-1.3753084501097357,73.96611633300782,69.78319995880128,0.8589896071433605,-0.013753084501097357
84.6515884399414,84.82602818829834,84.11858343763976,84.61282322989456,96200,-0.021742918863865146,88.44167556762696,95.24827220916748,1.514098956319223,-0.00021742918863865146
87.35791015625,87.75667505493601,86.0157405226544,86.3755935655773,146900,1.1247281486731486,90.40697982788086,92.78915790557862,1.0459136667961264,0.011247281486731486
96.13045501708984,96.45379846809796,95.69933041574568,96.0324741919092,214500,0.06118021106060745,94.89161972045899,91.36195648193359,0.9019693354314449,0.0006118021106060745
75.34558868408203,75.45916332942319,74.93862189750483,75.18469668538589,85600,1.0663978302601462,72.13734878540039,69.04484497070312,0.7195950494198584,0.010663978302601462
95.49591064453124,95.56374791406617,94.59463983859138,94.59463983859138,142000,1.5248304666957369,87.37634338378906,94.28582973480225,0.9442040681994537,0.015248304666957369
105.57331848144533,105.95664897550662,105.07203725885216,105.95664897550662,167000,-0.15801314986876314,101.6358741760254,95.47466949462891,0.5643647591300843,-0.0015801314986874093
93.3685073852539,93.3685073852539,93.11563226674541,93.31015444262206,48200,0.41840465164291185,88.87027404785157,90.61988231658935,1.244880685384591,0.0041840465164291185
118.62914276123048,119.19300680562361,118.4510800341974,119.19300680562361,218100,-0.1166112249979312,112.65807220458984,105.30181526184082,0.5811494839364709,-0.00116611224997909
82.65213775634766,82.83312321870456,82.26159897697096,82.32827668405113,84200,0.4514919252655236,80.19433227539062,74.33635353088378,0.5762745819145223,0.004514919252655236
101.83828735351562,102.52631447388752,101.77931574289323,102.11349820166438,128300,-0.25991314907675145,104.95821365356446,98.14194274902344,0.6876517341544002,-0.0025991314907675145
59.16452026367188,59.2493103260319,56.71503516372821,56.77155947605807,315100,9.065642020164066,68.87626861572265,66.82217367172241,4.60581678859134,0.09065642020164066
94.88573455810548,94.94409491565003,93.68945482223545,93.68945482223545,186900,0.14370703765902437,89.51435607910156,90.51696071624755,1.2142618373671556,0.0014370703765904658
91.36751556396484,91.55164847918704,91.2221478621425,91.52257641756427,66400,-0.29610477276834635,87.09807434082032,94.3371450805664,0.9908457491756503,-0.0029610477276834635
70.12353515625,70.31120399608957,70.06722877701225,70.13291358686683,78600,0.12058610730398822,68.75101928710937,65.27474243164062,0.5574551689113485,0.0012058610730398822
72.46944427490234,72.57265714370484,72.30053942551223,72.48820829856409,92600,0.0,69.65588439941406,65.69371633529663,0.5335704445149853,0.0
86.82418060302734,89.065302973497,86.5247226052934,89.065302973497,159800,-3.4275352160245465,93.9152229309082,96.62361267089844,1.5431382569910412,-0.034275352160245465
95.24393463134766,95.63157931649671,94.78845268082557,95.1567184588855,84200,-0.2638605270978922,87.50378005981446,94.27852210998535,0.9497999562436582,-0.002638605270978811
74.71212768554688,74.74027730312945,74.383696389459,74.63705726592055,122200,0.12576213901154265,71.32964645385742,66.55072135925293,0.6642330240758947,0.0012576213901154265
67.3155288696289,67.3716228611237,67.13788838588194,67.24073212562912,40900,0.18088506628062273,65.35158248901367,63.357129383087155,0.692898919785148,0.0018088506628062273
97.2376708984375,97.34545206911704,96.8555403752861,97.09069589519638,146700,0.49620704789057335,94.96481811523438,91.66682723999024,0.8022427994638136,0.0049620704789057335
118.21366119384766,118.27301291823309,117.43216411793988,118.04549294324283,195100,0.03348114490537846,113.8298728942871,105.93622138977051,0.5583320195843371,0.00033481144905378457
110.90321350097656,112.8421145423072,110.40859565735336,110.7943969715979,218900,-0.008921690872976118,107.41600021362305,102.56829284667968,0.4578838487316084,-8.921690872976118e-05
89.2548599243164,90.78605258932579,89.09011331185182,90.67945010038788,139700,-3.052619261935141,89.93322830200195,93.47909645080567,1.1554973932833852,-0.030526192619351633
75.2900390625,76.5531053005819,75.14758673004857,76.16373607490976,88000,-1.0978299465511876,75.02478103637695,70.36021465301513,1.1507122843376425,-0.010978299465511876
101.30486297607422,102.34009816130813,101.27528611742585,102.2020678062223,188700,-1.315781552704287,104.13853561401368,99.18965629577637,0.7077153408992237,-0.013157815527042871
65.18386840820312,65.23996239695404,64.97818093877005,65.09972029206698,33800,0.10047797334427067,64.78304664611817,62.875945205688474,0.7289981414438531,0.0010047797334427067
75.30905151367188,75.66042579195398,75.20458693217502,75.59394898967672,71400,-0.40190742568163573,75.70006256103515,70.79584972381592,0.9577755902336157,-0.004019074256816357
83.95714569091797,84.18575399309108,83.69043479382817,84.07145347566798,100300,-0.642502901876485,81.57773513793946,75.88421890258789,0.8850886069324189,-0.0064250290187648496
100.72315979003906,100.97949756723006,100.16116941473848,100.26962290589229,164200,0.8091696887687405,103.69316207885743,99.48359382629394,0.7466801112992435,0.008091696887687183
74.13973236083984,74.15849638722858,73.91452108951708,74.13034676809065,77600,0.4322112961347102,70.71406387329101,66.26862697601318,0.6962019761391942,0.004322112961347102
84.3572006225586,84.51913844587509,84.02381204630566,84.51913844587509,103100,0.5107319245541309,80.95682052612305,75.28604835510254,0.903135453670485,0.0051073192455413086
84.0238037109375,84.35719225411746,84.01427624761088,84.25241195950017,189600,-0.395220454401779,81.04317611694336,75.37685276031495,0.9090759239134506,-0.00395220454401779
84.6144027709961,84.6144027709961,84.01429598496478,84.01429598496478,114200,0.5319120488684659,81.31083358764648,75.63338375091553,0.903856594649918,0.005319120488684659
84.40482330322266,85.20495581633234,84.32861813035737,85.20495581633234,373000,-0.24768769962325576,81.39759201049804,75.713987159729,0.8759934040713143,-0.0024768769962325576
84.75006103515625,84.75006103515625,83.54617586004606,83.57483875140866,87000,1.277682132772484,82.98139373779297,77.68772617340088,0.8862934660854047,0.012776821327724841
84.79784393310547,84.93160896289858,84.53031387351926,84.62585928199327,77500,0.10150988638386593,83.11846267700196,77.83321407318115,0.8800178428125958,0.0010150988638386593
84.69273376464844,85.09402881596901,84.48252951215288,84.9220441811678,97100,-0.1239538219155123,83.17661071777344,77.90969860076905,0.8802111230970987,-0.001239538219155123
86.53679656982422,86.68967505502948,85.98262299542624,85.99217972316342,179300,1.2520924296893554,83.32354873657226,78.06562992095947,0.9036372013183157,0.012520924296893554
86.80433654785156,86.97632121853536,86.59413225149935,86.66101477400703,95900,0.3091632561317059,83.40659271240234,78.14480583190918,0.888779369444729,0.003091632561317059
87.25340270996094,87.36806157996547,86.99542936451046,86.99542936451046,105900,0.5173314836198539,83.49042602539062,78.22528495788575,0.8884970360560173,0.005173314836198539
87.25340270996094,87.47316372172436,87.1387438399564,87.47316372172436,112500,0.0,83.58302261352539,78.3076012802124,0.8851498307840782,0.0
87.66423797607422,87.66423797607422,87.15784081950409,87.28204910462527,103500,0.47085300212179604,83.71336471557618,78.3917832183838,0.8185470876460202,0.00470853002121796
87.92220306396484,87.9890855635005,87.64512362992123,87.75977517789907,109500,0.2942649064730629,83.83133926391602,78.47489971160888,0.81757673101466,0.002942649064730629
87.9509048461914,88.13243895894007,87.78846961210803,87.92223465924845,85900,0.03264452120892436,83.98436965942383,78.5660263824463,0.7657937746419715,0.0003264452120892436
87.52091979980469,88.34262335548354,87.49225690896768,88.33306662865563,101000,-0.4888921235531085,84.09241348266602,78.65033977508546,0.7361173596467716,-0.004888921235531085
88.62926483154297,88.72481022871332,88.04642843226334,88.0750913224498,92600,1.26637726645642,84.20738357543945,78.74806137084961,0.7206607710030941,0.012663772664564199
88.72480773925781,88.82990986009018,88.47638388186799,88.72480773925781,112900,0.1078006321009628,84.32540771484375,78.84150493621826,0.663446727195413,0.001078006321009628
88.45728302001953,88.81080172978156,88.22796531192621,88.81080172978156,154600,-0.3015218923037577,84.41560134887695,78.9309135055542,0.5880606353734708,-0.003015218923037577
88.43816375732422,88.52415971462246,87.90310371954423,88.52415971462246,137800,-0.021614119315627178,84.50579360961915,79.01653537750244,0.5727770979972129,-0.00021614119315627178
88.4190673828125,88.8012562905282,87.72157207950782,88.36174159803163,141700,-0.02159291158975174,84.58703094482422,79.10352878570556,0.5454725569077569,-0.0002159291158975174
87.70246124267578,88.83947117791008,87.47315082612025,88.83947117791008,150700,-0.8104656171435853,84.66060409545898,79.18073993682862,0.5749176485515952,-0.008104656171435853
88.43816375732422,88.68658761328476,87.73111909459406,87.83622121482175,85000,0.8388618793863989,84.74927215576172,79.2636644744873,0.5873596323868088,0.008388618793863989
88.01777648925781,88.49551082417415,87.9700001399072,88.49551082417415,140900,-0.47534599341066963,84.82629348754882,79.34458179473877,0.5933493209709969,-0.004753459934106696
87.98910522460938,88.28530546557792,87.83623402993138,88.28530546557792,110300,-0.03257440234466502,84.89378753662109,79.42492980957032,0.5878821789637737,-0.0003257440234466502
87.33939361572266,88.18020341134556,87.33939361572266,88.18020341134556,171500,-0.7384000635399124,84.9524789428711,79.49810150146484,0.6021753786120012,-0.007384000635399124
87.66423797607422,88.0273133946452,87.15784081950409,88.0273133946452,135900,0.3719333818377635,85.01576248168945,79.57583141326904,0.6031749092653272,0.0037193338183776348
87.12918853759766,87.42538148644931,87.04319256846979,87.32983607936626,183100,-0.6103394620535996,85.07920333862305,79.64601192474365,0.6044328487412535,-0.006103394620535996
87.31072235107422,87.72157416092887,87.23429039943521,87.72157416092887,164100,0.20835017119231747,85.15580032348633,79.71653232574462,0.6005017328311338,0.0020835017119231747
86.94764709472656,87.43493814701803,86.2310456076821,87.43493814701803,309700,-0.4158426898448253,85.23770965576172,79.78490604400635,0.5938079295551858,-0.004158426898448253
86.72789001464844,87.18651819451384,86.65145805937722,87.18651819451384,141400,-0.25274643698950383,85.31846282958985,79.85095054626464,0.5925039999649003,-0.0025274643698950383
86.63233947753906,86.66100237027582,85.97307107565204,86.6036765848023,172500,-0.11017279112086609,85.38701721191406,79.91429328918457,0.5799747100842703,-0.0011017279112086609
87.13874053955078,87.41582733099783,86.8903239317548,86.92854355364207,136100,0.5845404442102353,85.49294235229492,79.98196620941162,0.5693147778511934,0.005845404442102353
85.9348373413086,87.01451409839854,85.9348373413086,86.94763159644864,173600,-1.3815935263555401,85.56735961914063,80.04267311096191,0.5920944518007683,-0.013815935263555401
85.22779846191406,85.31379442880858,84.48253410051474,85.13225305731235,254100,-0.8227616427391116,85.59886917114258,80.10452980041504,0.6129653893531589,-0.008227616427391116
83.67039489746094,84.69274612868284,83.50796696578264,84.54942436381761,411800,-1.8273422434454734,85.61828125,80.16049236297607,0.6994091575342315,-0.018273422434454734
84.8742904663086,85.24692269411896,84.05258676148368,84.16723834564193,218400,1.43885489045803,85.6796795654297,80.22166980743408,0.7495186172528583,0.0143885489045803
85.87750244140625,85.99216128071971,84.84560204616845,84.84560204616845,145300,1.1819974807281364,85.78133621215821,80.28923561096191,0.7621641126596171,0.011819974807281364
85.26600646972656,85.68641494029727,84.86471145126148,85.68641494029727,134800,-0.7120560732386316,85.83799499511719,80.35052612304688,0.7364981436977943,-0.007120560732386316
84.53030395507812,85.25646209564155,84.4825276116233,85.218242478807,122000,-0.862832147427528,85.88851287841797,80.40643451690674,0.7479664104427216,-0.00862832147427528
84.69273376464844,84.72139665550752,83.40285264846274,83.67038268267646,270500,0.19215571454307412,85.92246643066406,80.46183006286621,0.7412515774672748,0.0019215571454307412
85.13224792480469,85.39022852028782,84.65451364095095,84.68317653163871,95500,0.5189514384759564,85.95835189819336,80.51767234802246,0.7495916000201851,0.005189514384759564
85.10358428955078,85.75330320149337,85.09402756285625,85.33289470269328,130100,-0.03366953880886703,85.98871047973633,80.57195167541504,0.742449000204014,-0.0003366953880886703
85.82018280029297,86.29791706377482,85.70552395278465,85.98261070036168,97000,0.8420309399708392,86.0383546447754,80.62683265686036,0.75893276841196,0.008420309399708392
86.30748748779297,86.41258962561118,86.03995742412752,86.29793075990563,75800,0.567820612354053,86.08688598632813,80.68168949127197,0.7678567453528617,0.00567820612354053
86.03994750976562,86.38391677759928,86.02083405619338,86.37436005081317,92300,-0.3099846673965345,86.13673446655274,80.73483013153076,0.7651007026477544,-0.003099846673965345
86.27881622314453,86.66099782578937,86.23103987799053,86.66099782578937,92900,0.2776253592574385,86.19059768676757,80.79347129821777,0.7265864254061536,0.0027762535925743848
86.135498046875,86.43169098809334,86.135498046875,86.33614558347263,69500,-0.1661105037635946,86.25131057739257,80.84742084503173,0.7257747030397396,-0.001661105037635946
86.12593841552734,86.45080152786058,85.753306247318,86.37436229088253,120400,-0.01109836428002664,86.31526168823243,80.90331005096435,0.724876936366986,-0.0001109836428002664
86.01127624511719,86.3648022352803,85.87751123038447,86.33613934492993,117300,-0.13313314492662265,86.36205993652344,80.95763221740722,0.7248189375918541,-0.0013313314492662265
86.21192932128906,86.46990261889547,85.75330121597645,86.00172507675605,82500,0.23328694205169143,86.41801452636719,81.01338356018067,0.7271404947604492,0.0023328694205169143
86.79476928710938,86.84254563580966,86.44125054945779,86.536795957211,67100,0.6760548921811216,86.49496109008788,81.0719543838501,0.7264131903187189,0.006760548921811216
86.76610565185547,86.9285408622591,86.41258691722665,86.9285408622591,96500,-0.03302461137847379,86.55666549682617,81.13071315765382,0.7075616929847071,-0.0003302461137847379
87.01453399658203,87.07185978574928,86.4699171305501,86.92854531283115,102400,0.2863195747465852,86.60195495605468,81.19043018341064,0.705851135125999,0.002863195747465852
86.86164855957031,87.12917858470144,86.68010720409715,86.84253510654868,84600,-0.17570103520605507,86.64495086669922,81.24791580200196,0.7063121870927233,-0.0017570103520605507
87.13874053955078,87.32983864898712,86.80432796009659,87.05275185754006,98300,0.3190038234082593,86.69176879882812,81.30200736999512,0.6966043673308498,0.003190038234082593
87.74068450927734,87.74068450927734,87.32027598673628,87.42537811737154,102800,0.6907880077212658,86.7527278137207,81.35887210845948,0.7049413404872844,0.006907880077212658
87.75981140136719,87.75981140136719,87.32985333969066,87.71204233320798,98100,0.021799342228545626,86.79859054565429,81.4129931640625,0.6952858791552955,0.00021799342228545626
87.94133758544922,88.11332223826854,87.79801582649186,87.9508943132857,99100,0.20684431880992893,86.82668136596679,81.46773792266846,0.6952723435997968,0.0020684431880992893
87.9986572265625,88.1897553217068,87.23428671492621,88.08465319178917,185400,0.06517940559818136,86.85056777954101,81.52111305236816,0.6902518736063514,0.0006517940559818136
88.68659973144531,88.87769054543564,88.14198289296087,88.27574792068356,171500,0.7817647752415446,86.8792317199707,81.58029384613037,0.7007612617729602,0.007817647752415446
87.9986572265625,88.58149365987042,87.9986572265625,88.1897553217068,164400,-0.7757006210250439,86.89413681030274,81.6322492980957,0.7172270957491497,-0.007757006210250439
88.75350189208984,88.7917215212778,87.99868061733783,88.3426499903805,73500,0.8577911178620834,86.91592208862305,81.68272624969482,0.7258711797880956,0.008577911178620834
88.86813354492188,89.15476974151498,88.76303141927707,88.849020091361,79100,0.12915732944420721,86.93484069824218,81.74513355255127,0.6725885352414328,0.0012915732944420721
88.75350189208984,88.95414947808992,88.51463467690182,88.72483899261111,87600,-0.12899072846408455,86.95089263916016,81.81222045898437,0.6508397081555586,-0.0012899072846408455
89.35543060302734,89.48920292898003,89.11656342539028,89.11656342539028,77000,0.6782027729670403,86.98758285522462,81.88780620574951,0.5416411519029769,0.0067820277296704035
89.47962951660156,89.6229512543899,89.1643231513965,89.40319028449493,71300,0.1389942533274624,87.00459014892579,81.9588550567627,0.49040918522123683,0.001389942533274624
90.02423858642578,90.03379531203308,89.65160647384461,89.84269724811595,137000,0.6086402824490689,87.03057876586914,82.0378796005249,0.46014930465854775,0.006086402824490689
90.37779235839844,90.55025106601896,90.2436586202203,90.26281745007125,90000,0.3927317548298337,87.06898895263672,82.11895584106445,0.43139931611326604,0.003927317548298337
90.58858489990234,90.65565177555416,90.18617633625024,90.31073432656162,105200,0.23323488658364422,87.11199737548829,82.1965431213379,0.38232976831440724,0.002332348865836442
91.1442642211914,91.24965605325113,90.96222976469372,91.01971356045719,88800,0.6134098704633439,87.16650131225586,82.27440071105957,0.388513080954854,0.006134098704633439
91.56583404541016,91.57541711487863,91.24965854061237,91.57541711487863,111400,0.46253028407325925,87.24376876831055,82.3564956665039,0.38727952585490377,0.0046253028407325925
92.01615142822266,92.01615142822266,91.49877527723483,91.71914203607332,158000,0.49179629881290765,87.31532852172852,82.44491188049317,0.3861759268812243,0.0049179629881290765
92.48561096191406,92.60058586583095,91.9682348588984,92.11195166135946,127300,0.5101925329463519,87.40468521118164,82.53832538604736,0.37351555044712464,0.005101925329463519
92.00656127929688,92.22692802118127,91.51792706711174,91.73829380899613,136200,-0.5179721230521572,87.48503433227539,82.6310945892334,0.39374669756618275,-0.005179721230521572
92.43770599365234,92.58141547978046,92.12153050469068,92.2556642315702,91200,0.4686021391959949,87.58700057983398,82.72199710845948,0.3835372844099504,0.004686021391959949
92.81138610839844,92.8976118194285,92.66766928027347,92.80180303725903,117700,0.40425074457359766,87.68994354248046,82.82125118255615,0.3846599057612067,0.004042507445735977
92.94550323486328,93.44371319884593,92.94550323486328,93.15628690376602,92700,0.14450503552247973,87.80626983642578,82.9209391784668,0.3773429548664568,0.0014450503552247973
93.03173828125,93.33833074599552,92.68682084469367,93.01257945021507,181200,0.09278022430929678,87.92069015502929,83.01410202026368,0.37529132039970625,0.0009278022430929678
93.38623809814452,93.48204687209312,92.8880207780264,93.12754636776833,161500,0.38105255630376256,88.04946197509766,83.10364269256591,0.36848680045917537,0.0038105255630374035
92.7730484008789,93.63534194154111,92.72514036149857,93.63534194154111,373300,-0.6566167668315193,88.17036514282226,83.19115253448486,0.4059009442775122,-0.006566167668315082
92.29399871826172,92.72514184059993,91.82452331601539,92.72514184059993,1721500,-0.5163672972641531,88.28359832763672,83.27555492401123,0.4204180430953093,-0.005163672972641531
93.20418548583984,93.68323660968544,92.55267566502023,92.70597553332605,749800,0.9861819622276613,88.4049072265625,83.36355857849121,0.44112082679442677,0.009861819622276613
93.1083755493164,93.43412680074984,92.64848325993631,93.36705993664648,162100,-0.10279574465890118,88.54837799072266,83.45397968292237,0.44540609827552075,-0.0010279574465890118
93.3095703125,93.37663717241362,92.94549411721736,93.17543659267274,78200,0.21608664311518755,88.71001342773438,83.53989868164062,0.43889236004338783,0.0021608664311518755
94.27726745605467,94.35391739412744,93.77905016832226,93.81737513735862,123700,1.037082413212076,88.92215087890625,83.6348348236084,0.46231126278037343,0.010370824132120537
94.3060073852539,94.35391542298363,93.9323480821309,94.28684855600618,97000,0.030484474120573424,89.11078521728516,83.72412158966064,0.4569710734575599,0.00030484474120573424
94.23894500732422,94.37307874766856,93.56827630560252,94.37307874766856,139000,-0.07111145916264272,89.27801406860351,83.81202835083008,0.4588247776181834,-0.0007111145916264272
93.76947784423828,94.39223851211219,93.76947784423828,94.35392085141221,151600,-0.49816682800242207,89.44808349609374,83.8965906906128,0.4781616837173282,-0.004981668280024221
93.54911041259766,93.83654403394591,93.54911041259766,93.75031102364518,97300,-0.23500976725783218,89.62845962524415,83.97520782470703,0.48450887910911156,-0.002350097672578322
93.29999542236328,93.4245533943637,92.88801115828376,92.99340299163481,109600,-0.2662932754097347,89.80060485839844,84.05552333831787,0.47926068490467316,-0.002662932754097347
94.23894500732422,94.27726997738554,93.47246022557889,93.7790526763289,122400,1.006376882132054,89.98273880004882,84.13887176513671,0.4682807275635199,0.01006376882132054
93.9706802368164,94.22936465501525,93.89403029448312,94.08564784057552,103900,-0.2846644457734193,90.16008071899414,84.2217335510254,0.46185031228250556,-0.002846644457734193
94.16228485107422,94.16228485107422,93.79820863960293,93.98024309046866,108100,0.20389829442006846,90.32692276000977,84.3116312789917,0.4617033699296593,0.0020389829442006846
94.7658920288086,94.86170078677789,94.43055041130654,94.45929230772336,89900,0.6410286015138933,90.49609085083007,84.40464199066162,0.46451758171830604,0.006410286015138933
94.82339477539062,94.90962048187629,94.4497354278038,94.60302800924758,82100,0.0606787372027906,90.67175979614258,84.49817756652833,0.4571258681306528,0.000606787372027906
94.5455322265625,94.99584146269027,94.41139849364022,94.99584146269027,121700,-0.2930316400148958,90.83709411621093,84.58861438751221,0.46581001805122335,-0.002930316400148958
94.60302734375,94.75632723385652,94.41140979085795,94.75632723385652,72400,0.060812093214224205,91.00644470214844,84.67815166473389,0.45931362097063244,0.0006081209321422421
94.99584197998048,95.09165074548379,94.46888280510184,94.77547524055662,60400,0.41522417121298005,91.1838427734375,84.77506614685059,0.4597137821108245,0.0041522417121298005
95.14913940429688,95.28327314480288,94.9862637636454,95.28327314480288,63400,0.16137277287222584,91.3666000366211,84.8742665863037,0.4595454176466533,0.0016137277287220364
95.81022644042967,95.81022644042969,94.94793294051779,95.23536654373515,108900,0.6947903473133898,91.5585659790039,84.98650661468506,0.4625149897229601,0.006947903473133676
95.53237915039062,95.7719047246248,95.0916529709686,95.6856790265759,121600,-0.2899975298689128,91.73331817626953,85.09227672576904,0.466357980789945,-0.002899975298689017
94.73715209960938,95.71442053191653,94.73715209960938,95.49405378824244,109300,-0.8324162528490775,91.8927391052246,85.19900894165039,0.49400616821053156,-0.008324162528490775
96.14556121826172,96.41382868398439,94.3634904134009,94.37307348281676,188900,1.48664920513073,92.0753596496582,85.31097873687744,0.5509605752105088,0.0148664920513073
96.9791030883789,97.12281987622902,96.7108356495864,96.76831944083065,123700,0.866958244931304,92.27770874023437,85.42241546630859,0.5527343681980796,0.00866958244931304
96.490478515625,97.01743768682559,96.490478515625,96.63419531774699,154500,-0.5038452173646291,92.46474349975585,85.52333683013916,0.5634588922588007,-0.005038452173646291
96.24137878417967,96.50965358417547,96.18389498190817,96.48090437329884,102600,-0.2581599089126474,92.6347573852539,85.61831188201904,0.5659092874814234,-0.002581599089126585
96.40425872802734,96.76833498060617,96.40425872802734,96.76833498060617,102500,0.1692410747906159,92.80764633178711,85.71452869415283,0.5659603476540637,0.001692410747906381
96.5479736328125,96.79708229838256,96.24138116354975,96.52881480149529,92800,0.1490752656380101,92.97977905273437,85.8079027557373,0.5659486242669035,0.001490752656380101
96.86415100097656,96.95995977885318,96.53839969424784,96.84499216929773,165500,0.3274821379126269,93.15708892822266,85.90214542388917,0.5651978103025336,0.0032748213791262692
97.19947814941406,97.41026183091074,96.74917619591011,96.86414379691509,110100,0.3461829221360846,93.32734649658204,85.99450340270997,0.5468246009656738,0.003461829221360846
97.18033599853516,97.56357845705712,97.05578530615583,97.21866097536154,175300,-0.01969367659513388,93.51098007202148,86.08857013702392,0.5330829689695695,-0.0001969367659513388
97.2282257080078,97.42942631608986,97.12283386904953,97.36235944672917,122800,0.04927921783823841,93.68047454833984,86.17717826843261,0.5108083242335895,0.0004927921783823841
96.95037078857422,97.8509819494114,96.80665398649951,97.8509819494114,148100,-0.28577598471049015,93.84211929321289,86.26140563964844,0.5149111795959884,-0.0028577598471046795
96.75877380371094,96.96955753280132,96.52883124004067,96.95997446064021,127000,-0.1976237773046896,94.00222473144531,86.34633689880371,0.5182258546049079,-0.001976237773046896
97.4294204711914,97.49648733652867,96.8928782387532,97.26653753273797,127700,0.6931119950331022,94.1637045288086,86.43989212036132,0.5008021347853876,0.006931119950331022
97.5539779663086,97.85098734650212,97.15157674609661,97.51565299632546,261000,0.12784382224055868,94.32519149780273,86.53283557891845,0.5005784920064378,0.0012784382224055868
96.86415100097656,97.67853657753956,96.76834222309995,97.39111024390972,300800,-0.7071233584859726,94.46198974609375,86.62446674346924,0.5217166078674217,-0.007071233584859726
96.31803131103516,96.9312162508513,96.279706338579,96.91205741949378,188900,-0.5637995938620244,94.58079452514649,86.71104049682617,0.5244114727639104,-0.005637995938620244
96.3371810913086,96.87371599509339,95.99226370752126,96.72041613130355,176100,0.01988182276233541,94.69576644897461,86.79391128540038,0.521005340922708,0.0001988182276233541
96.0976791381836,96.4425966066832,95.88689542857365,96.31803860932735,123500,-0.24860801448819414,94.79483474731445,86.87629688262939,0.5205873116655196,-0.0024860801448819414
96.4330062866211,96.54797389431785,95.79107944451056,95.98269699716589,162200,0.3489440655016329,94.89217819213867,86.95993179321289,0.49428309304858686,0.0034894406550163293
96.67253875732422,96.87373939484333,96.12642065270333,96.72043949402403,99600,0.24839261983722327,94.9853059387207,87.04343482971191,0.490364930191139,0.0024839261983722327
96.32762145996094,96.60547204837928,96.17432155887153,96.5000801938157,113500,-0.3567893238317854,95.06214614868163,87.12801467895508,0.4967420537102007,-0.003567893238317854
95.15872192382812,95.6856811225826,94.20061960590407,95.3599225334233,347300,-1.213462471528659,95.12518936157227,87.20371120452882,0.5378233616284546,-0.01213462471528659
95.0916519165039,95.81022863123819,95.0724930870634,95.52279502144835,158900,-0.07048224899227629,95.1782682800293,87.2788349533081,0.53797388800429,-0.0007048224899227629
95.5228042602539,95.82939672913736,95.35992861016543,95.57071230309924,264900,0.45340714464459086,95.23249664306641,87.35829864501953,0.5406909609351054,0.004534071446445909
95.9826889038086,96.2317975490483,95.29285407683126,95.50363775282328,171000,0.48143963854088145,95.29324035644531,87.4391121673584,0.5467841396935125,0.0048143963854088145
96.1264190673828,96.34677853399936,95.92521843318193,95.98270224017033,85300,0.14974592316148172,95.35513397216796,87.52073932647706,0.5427984568403597,0.0014974592316145952
95.6090316772461,96.18389160902525,95.494056766994,96.18389160902525,133200,-0.5382364132112682,95.39958984375,87.59788009643555,0.5523866494972841,-0.0053823641321125715
94.10481262207033,95.32159937264134,94.03774575093239,95.32159937264134,239000,-1.573302258989162,95.42622512817383,87.67072860717774,0.6088278044893808,-0.01573302258989151
94.72637939453124,95.23555653675494,94.39974022014798,94.61109842929697,130400,0.6605047660603436,95.47487274169922,87.74948657989502,0.620952693419242,0.006605047660603214
92.97789001464844,95.06263741730439,92.97789001464844,94.85128651634743,299000,-1.8458315318908514,95.4703468322754,87.81950210571289,0.6900368776715419,-0.01845831531890829
93.76567840576172,94.1499654449395,92.49753630724099,93.2853214392059,251200,0.8472857267347811,95.4834928894043,87.89540340423584,0.6492860139499556,0.00847285726734781
92.19010925292967,93.40061087554598,91.76739277177289,93.32375200085097,255500,-1.6803260847896961,95.46110366821289,87.9604354095459,0.6864741949364751,-0.016803260847897072
93.1988525390625,93.65999108194669,92.47831715234909,92.61281650482907,115100,1.0941990353490638,95.43953536987304,88.0278995513916,0.72054081246498,0.01094199035349086
93.63117218017578,93.63117218017578,92.4494982336547,92.70888775153381,200000,0.46386798692836795,95.42603866577149,88.09581581115722,0.727553162421084,0.0046386798692836795
94.0442886352539,94.8897142784726,94.03467944338045,94.48621617577726,148300,0.4412167929321198,95.42214553833008,88.16522777557373,0.7325597875670711,0.004412167929321198
93.3429718017578,94.00585944948736,93.32375341795938,93.98664839535475,162000,-0.7457303826456929,95.41361541748047,88.23046848297119,0.741079169876968,-0.00745730382645704
92.4014663696289,93.08357238250274,92.257357813745,93.08357238250274,206900,-1.0086516573829196,95.3906625366211,88.29057430267333,0.7539313508527108,-0.010086516573829085
92.53597259521484,92.68008116178409,91.9211162188745,92.68008116178409,126000,0.14556719808740404,95.37538208007813,88.35272968292236,0.750219334376568,0.0014556719808740404
93.63117218017578,93.64078137110911,92.84338710594002,93.00670670348114,141400,1.183539281260626,95.36322662353516,88.4199811553955,0.7891868783661008,0.01183539281260626
94.35171508789062,94.5054328363999,93.97703723798136,94.29407459703249,149100,0.7695545093981071,95.37084732055663,88.48831874847411,0.8053344084115296,0.007695545093981071
94.6879653930664,94.74561321474233,93.82332869425133,94.18839735975845,138000,0.35637964276808987,95.38136093139649,88.55945201873779,0.8086684439434777,0.0035637964276808987
95.30281829833984,95.30281829833984,94.77443003810879,95.07224900896021,122100,0.6493464113639824,95.39209945678711,88.63223072052001,0.8189769874979939,0.006493464113639824
95.31240844726562,95.44690778333737,95.09144839357523,95.35083787609528,106000,0.010062817760281284,95.4018797302246,88.70948677062988,0.807092373365071,0.00010062817760281284
96.01374816894533,96.01374816894531,95.09146371740134,95.35085324172157,97500,0.7358325459457138,95.43124404907226,88.7905352783203,0.8197664574574982,0.007358325459457138
95.86003875732422,96.08100619548522,95.50457927939753,96.07139700347842,156900,-0.16009104378533756,95.45638427734374,88.86862442016601,0.8106740390811474,-0.0016009104378535977
96.40763854980467,96.56135629228442,95.81200062185921,96.10021039451063,128700,0.5712492917583134,95.48462020874024,88.94306953430176,0.811462820195839,0.005712492917583134
96.59978485107422,97.05131422376279,96.551746224569,96.59017565984011,119600,0.19930609665359533,95.51363311767578,89.01557006835938,0.812227254173804,0.0019930609665361754
95.98494720458984,97.05133308958037,95.96572881838576,96.83998214900272,174400,-0.636479312487348,95.51712753295898,89.08513931274415,0.8195770510676885,-0.00636479312487348
96.70545959472656,96.70545959472656,96.25392291278139,96.25392291278139,89200,0.7506514418359478,95.5405891418457,89.16021606445312,0.8287162845087104,0.007506514418359478
97.21463775634766,97.32031686723113,96.43645454623616,96.45567292803229,106000,0.5265247316490251,95.59013885498047,89.2371244430542,0.8329882717382168,0.005265247316490251
97.28190612792967,97.47404600482396,96.91683010029752,97.41640550768896,123700,0.06919572312826805,95.61286575317382,89.31789352416992,0.8299335911061556,0.0006919572312824585
97.95439910888672,98.11771873068128,97.48365129855752,97.49326049091785,116100,0.6912826934873939,95.63237167358399,89.40188220977784,0.8034711147279383,0.006912826934874161
98.45396423339844,98.49238633950222,97.84870978211536,98.12731769419298,120100,0.5099976407965112,95.67164138793946,89.48665409088134,0.8062163287107934,0.005099976407965112
99.43389892578124,99.43389892578125,98.80943336031413,98.94393273384046,108200,0.9953227379039253,95.73549179077149,89.57489692687989,0.8199206882841229,0.009953227379039031
99.71250915527344,100.31775635004284,99.46272145741638,99.81818828399503,112700,0.2801964244609767,95.8016567993164,89.66157985687256,0.8178270334788807,0.002801964244609989
99.8085708618164,100.183248712875,99.6548604425013,100.03914015562192,140900,0.09633867140317331,95.86686874389649,89.74921947479248,0.8178416109834302,0.0009633867140317331
99.42427825927734,100.06796213505788,99.19370897836515,100.06796213505788,158800,-0.3850296615018234,95.9180712890625,89.83308017730712,0.8140032287434548,-0.003850296615018234
99.09764099121094,99.39545995694279,98.66531533518216,98.95353243920135,171800,-0.32852867909647365,95.95603454589843,89.91325969696045,0.7534633831306486,-0.0032852867909647365
99.83739471435548,100.11600264719972,99.81818365987165,99.86621496091419,97200,0.7464897405682347,96.00917572021484,89.99932880401612,0.755533734732638,0.007464897405682569
100.2601089477539,100.3753972610538,99.72211147835262,100.1352187722617,83400,0.42340270858214346,96.06981338500977,90.0948936843872,0.6524852258078486,0.004234027085821435
100.03913879394533,100.39460558637573,99.81817869487512,100.39460558637573,105700,-0.22039688179846806,96.13158874511718,90.18497200012207,0.6480971356360828,-0.0022039688179844585
100.79810333251952,101.01907076049916,100.23128563455555,100.39460524281647,98300,0.7586676052234731,96.21237533569337,90.28746559143066,0.5467950274710488,0.007586676052234509
100.94221496582033,101.09593271687079,100.60596654747962,100.9037855280577,68000,0.14297058033461152,96.28263122558593,90.38158302307129,0.5263158931821755,0.0014297058033463372
101.19200134277344,101.40335958291199,100.84614373703138,101.30728232491032,172900,0.24745482059977952,96.35539169311524,90.4731392288208,0.52501646038214,0.0024745482059977952
101.4513931274414,101.71079000232145,100.87496621500314,100.87496621500314,162500,0.25633625308914,96.44713653564453,90.56627819061279,0.5239062025316813,0.0025633625308914
101.52825164794922,102.68110546878647,101.52825164794922,102.07585831229679,227700,0.07575896016653871,96.55134094238281,90.65418144226074,0.4902173472800438,0.0007575896016653871
101.50902557373048,101.8740941860552,101.04787971583077,101.73959483784795,158100,-0.01893667418347844,96.65477783203124,90.74208381652832,0.42998474859484637,-0.00018936674183456237
101.62430572509766,101.66273515708617,100.98062923103552,101.26884630611707,135300,0.11356640526851702,96.76531036376953,90.82841934204102,0.4304583115447862,0.0011356640526849482
101.96058654785156,101.98941412826754,101.75883746294188,101.81648529410681,49800,0.3309058992871039,96.87586196899414,90.91810325622559,0.39796553547561814,0.003309058992871039
100.35618591308594,101.27847049514708,99.76054058044244,100.99026068619027,464600,-1.5735498285042282,96.94953491210937,90.99986038208007,0.5129520907583982,-0.015735498285042282
101.32649993896484,101.92213788792436,100.92300184521827,100.99025152750936,185100,0.9668701705336291,97.04951248168945,91.08565933227538,0.5308733408466223,0.009668701705336291
99.68367004394533,101.25924015443303,99.50113206893816,100.87495315268032,231900,-1.6213230458064887,97.1400114440918,91.16100566864014,0.622598934735395,-0.016213230458064665
98.73255920410156,101.35531124137164,98.73255920410156,100.67320528698477,267300,-0.9541290358034082,97.21282958984375,91.23264434814453,0.6542502276364108,-0.009541290358034304
100.0967788696289,100.50988612034865,98.75177800707635,98.76138719792985,250500,1.3817323044439833,97.30430908203125,91.3106279373169,0.685125376787485,0.013817323044439833
99.46272277832033,100.31775768230196,98.55964924076676,100.28893743402539,352200,-0.633443052282856,97.37390975952148,91.3881558227539,0.6976395133488653,-0.006334430522828338
100.0967788696289,100.58673765818149,99.33781404483379,99.91424089173773,138800,0.6374811322245488,97.45331695556641,91.4712353515625,0.6992020898988001,0.006374811322245266
101.2304229736328,101.47060144078416,100.72123846635321,100.7308476573455,121900,1.1325480368158614,97.56574478149415,91.56312656402588,0.7228614392405756,0.011325480368158614
101.60511016845705,101.61471203066989,100.87496550865936,101.24003417372528,118300,0.3701329934399311,97.71575073242188,91.65770095825195,0.7078839364205551,0.0037013299343997552
101.39376831054688,101.83569592272697,101.39376831054688,101.62433764523497,112500,-0.20800317775332422,97.84909851074218,91.74864669799804,0.7034327200940065,-0.0020800317775333532
102.41210174560548,102.43132012849422,101.52824670402522,101.9413539801477,104400,1.0043353275318356,98.03778274536133,91.85149478912354,0.7172829121118904,0.010043353275318356
102.23918914794922,102.74836643019924,102.1239081510121,102.74836643019924,110900,-0.16884000494957752,98.20725296020508,91.95162086486816,0.719820107477535,-0.0016884000494959972
101.7780303955078,102.1334898387349,101.14395571894295,101.69156233521933,150700,-0.45105869509006746,98.39901138305665,92.04224941253662,0.7214145905011687,-0.004510586950900786
103.36319732666016,103.40162675937354,101.77802537280597,102.07584431425363,169600,1.5574745600719586,98.60229827880859,92.14556644439698,0.7644907137712325,0.015574745600719808
101.93175506591795,103.32479477918598,101.70118575566424,103.32479477918598,183000,-1.3848664686894163,98.76830993652344,92.24620334625244,0.798133502455616,-0.013848664686894274
101.79724884033205,102.36407387990785,100.9518232065173,101.3553213047244,127200,-0.1319571369088557,98.923369140625,92.3512162399292,0.7982194994275764,-0.0013195713690883348
100.97103118896484,101.07671030618526,100.27931599612772,101.05749925290223,115100,-0.8116306292944131,99.07593032836914,92.44390605926513,0.8143191075465791,-0.008116306292944242
102.55620574951172,102.585025992901,101.2208140549311,101.73960042493341,115200,1.5699300501153202,99.2790251159668,92.5466650390625,0.8561320058963929,0.0156993005011532
102.94049835205078,102.98852965041856,102.21035371800434,102.21035371800434,96700,0.37471413819429866,99.48711563110352,92.64639225006104,0.8534196394317859,0.0037471413819429866
103.35360717773438,103.66103534461428,103.1902875674438,103.28635749528145,118000,0.4013083599719858,99.68156433105469,92.746470413208,0.847130961382769,0.004013083599719858
103.49771881103516,103.85317828756791,103.18068144304712,103.56496849548724,23000,0.13943551389836717,99.86448440551757,92.84603073120117,0.845195664517464,0.0013943551389836717
104.80429077148438,105.16936679650787,104.5737214549255,104.73704108208527,163900,1.2624161918338928,100.06681091308593,92.9533623123169,0.8682832385370848,0.012624161918338928
104.08635711669922,105.13675750404929,103.99962269492829,105.13675750404929,136600,-0.6850231507701698,100.24248168945313,93.0543894958496,0.8738835399844673,-0.006850231507701698
102.95883178710938,103.80686883135246,102.95883178710938,103.80686883135246,148900,-1.0832594787861471,100.39541015625,93.15144603729249,0.90059384605146,-0.010832594787861471
104.16343688964844,104.61636448840353,103.67196883130185,104.51999863493812,239200,1.1699871508156434,100.55840393066406,93.2543349456787,0.9223535158619157,0.011699871508156434
102.53483581542967,104.33690009707202,102.53483581542969,104.33690009707202,252000,-1.5635055090819416,100.69189987182617,93.35150985717773,0.970354614253822,-0.01563505509081964
102.14935302734376,102.71791665191006,102.01443937567572,102.71791665191006,279300,-0.3759529968720421,100.80673416137695,93.44761470794678,0.9732803227671508,-0.003759529968720199
101.03148651123048,102.08189403664697,100.96402968682702,102.05298501936583,254000,-1.094345174965572,100.89536819458007,93.5344153213501,0.9945233959897853,-0.01094345174965572
101.1760482788086,101.18568706953853,99.34506770900641,100.69421167371556,384200,0.14308585627120785,100.99919021606445,93.62322456359863,0.9946654184637636,0.0014308585627118564
101.33023071289062,101.33023071289062,100.09673028743939,100.91585097444288,264700,0.1523902511562314,101.09168563842773,93.71513851165771,0.9930886779226503,0.001523902511562314
100.94477081298828,101.53261207129589,100.64603446449347,101.33024157532424,197300,-0.3803997061790021,101.16628829956055,93.80145793914795,0.9515806383143737,-0.003803997061790021
99.6052703857422,101.01223248629456,99.49926573721312,100.89658904637824,262700,-1.3269636618697844,101.2127555847168,93.87573398590088,0.9652546473736712,-0.013269636618697733
100.0389175415039,100.08710414481058,99.03669648112093,99.24870577208085,248800,0.4353656730033739,101.25444595336914,93.95236930847167,0.9220659318664483,0.004353656730033517
100.20275115966795,100.42439189740936,99.93291646465546,100.22202139033274,95500,0.16376988295190298,101.28942169189453,94.0293938446045,0.9039199770799293,0.0016376988295188077
97.95738983154295,99.26798607315176,97.79356713940278,99.25834728177774,433400,-2.240818043555637,101.25989151000977,94.09571712493897,0.9605201076681903,-0.02240818043555637
96.8780746459961,98.43922802225987,96.82989539285295,98.12121407209145,299900,-1.1018210952772112,101.20320281982421,94.15277412414551,0.9737513990817398,-0.011018210952772
95.93367767333984,97.99593789809282,95.76984762853257,96.99371680766949,292500,-0.9748304516859818,101.12570495605469,94.19975852966309,0.9770952949460097,-0.009748304516859818
94.6905288696289,96.23240448952839,94.50742861243235,95.63492447021108,512200,-1.2958419127263476,101.03102996826172,94.23918949127197,0.9688585565415837,-0.012958419127263476
95.3169174194336,95.40364447624451,91.60676980800757,93.6208505701168,998300,0.6615113013753504,100.95541549682618,94.27950706481934,0.976387223116488,0.006615113013753504
93.99666595458984,94.97960918642504,92.83062249876667,93.86175232183288,436700,-1.3851176691269784,100.83860092163086,94.31322338104248,0.9997548216282752,-0.013851176691269784
94.3436050415039,95.85657162797146,93.34138406001212,95.33618723264442,494600,0.36909722636511155,100.72027084350586,94.34662021636963,0.9788385303734206,0.0036909722636511155
94.40142059326172,95.9336647200834,93.90031379183284,95.06635741737703,257800,0.061281897943565866,100.60751647949219,94.37901630401612,0.980546846186206,0.0006128189794356587
96.79134368896484,96.79134368896484,93.68831464419974,94.6712581252916,242700,2.5316600965152425,100.5273812866211,94.42321849822999,1.1040379739643387,0.025316600965152425
98.1404800415039,98.1501188326115,96.2324111278318,96.51187725200467,288000,1.3938605469456578,100.47134658813476,94.47631629943848,1.0956260848683859,0.013938605469456578
98.6319580078125,98.66086702963963,97.56228008674714,98.18866918456146,257500,0.5007902611651627,100.42014572143555,94.52632976531983,1.0772775893908635,0.005007902611651627
99.35469818115234,99.49925062102606,98.68012993139833,99.1908755136753,192700,0.7327647021694528,100.37821182250977,94.5794792175293,1.088019421872566,0.007327647021694528
97.1286392211914,98.45850581644827,97.04190479528101,98.07303500047338,222100,-2.2405170572831756,100.29021957397461,94.62283599853515,1.1508317668032846,-0.022405170572831756
98.27539825439452,98.93069633837636,97.33099526338654,97.76464527168257,142300,1.1806600425973368,100.2255470275879,94.6720221710205,1.133146280299263,0.011806600425973146
97.15753173828124,98.13084372899317,96.9455224579041,98.00556150754683,233500,-1.1374835777511527,100.13621154785156,94.71571449279786,1.1432422878756954,-0.011374835777511527
98.22721099853516,98.41031126191562,97.14789435203197,97.35990363547394,111300,1.1009740996049233,100.06154403686523,94.76833824157715,1.1626136036940211,0.011009740996049455
99.34507751464844,99.49926877257403,99.00779332824102,99.1137979800039,164100,1.1380415922935594,100.04132186889649,94.82287281036378,1.1856357489860418,0.011380415922935594
98.02484893798828,99.25834958167337,97.6297393571784,98.29467628476392,276000,-1.328932051480347,99.97528884887696,94.87290817260742,1.175072196968999,-0.013289320514803471
96.29021453857422,98.23683832088481,95.95293042349336,98.01519027255037,302800,-1.7695864040672138,99.90741973876953,94.91441371917725,1.2062697580567663,-0.017695864040672138
95.83729553222656,96.36731872611739,95.23982286156013,96.22276627757962,203000,-0.4703686750705205,99.84951446533204,94.95690322875977,1.196861635394146,-0.004703686750705205
97.40809631347656,97.56228021417049,96.79134600621362,96.79134600621362,162000,1.6390287022673755,99.79574081420898,95.00562252044678,1.2186684188984647,0.016390287022673755
97.13825225830078,97.42734977944765,96.21311960435224,96.70459494821696,458700,-0.2770242571083381,99.7492514038086,95.05566783905029,1.1919616206346246,-0.002770242571083381
95.2109146118164,96.61787659431994,95.07600095268887,96.41550610562865,190400,-1.9841181014451315,99.65153411865235,95.095168800354,1.2367161982261394,-0.019841181014451315
94.9603500366211,95.52891364780318,94.43996567004766,95.27836393045638,333600,-0.26316791117582117,99.52613265991211,95.13523231506348,1.2258732965045316,-0.0026316791117582117
94.04486083984376,95.07599818670207,93.36065377353277,94.34360452114326,249100,-0.9640752128907359,99.37492767333984,95.17181716918945,1.2318678288059324,-0.009640752128907248
92.12715911865234,94.67125585218028,92.107888889081,94.06414436539859,336900,-2.0391350511509754,99.18959548950195,95.19929126739503,1.2723563180184045,-0.020391350511509865
94.02559661865234,94.08341465964942,90.19981272482303,90.19981272482303,374000,2.0606708360071835,99.02186538696289,95.23372554779053,1.3436911184129279,0.020606708360071835
95.336181640625,95.6252865162633,93.8810331771324,94.23759487678731,302700,1.3938598308374628,98.8838052368164,95.28073226928711,1.358674040028709,0.013938598308374628
94.87362670898438,95.15309282841422,93.86177422716248,94.5748903599098,431500,-0.4851829847604461,98.74571716308594,95.32896141052247,1.3556938907152771,-0.004851829847604461
93.92922973632812,94.88326416353536,93.42811554570389,94.62307562965817,271700,-0.9954262374232803,98.5570378112793,95.38025558471679,1.3624244685956186,-0.009954262374232803
94.87362670898438,95.28800649265713,93.95814007987268,94.07378351447086,213500,1.005434597203969,98.41587524414062,95.43025226593018,1.3236265605237871,0.010054345972039691
94.6905288696289,95.60601545112591,94.42070155517686,95.29764032714601,210200,-0.19299129347832844,98.27374084472656,95.47431739807129,1.3101940680727073,-0.0019299129347832844
94.35324096679688,94.74834313228831,93.717213163296,94.6519772884301,165600,-0.3562002523994967,98.1413850402832,95.51975357055665,1.3002568287342124,-0.003562002523994967
92.15606689453124,94.43033626988586,92.14643545599728,94.34360920962115,269900,-2.328668363431008,97.93338226318359,95.5578823852539,1.3472812028250174,-0.02328668363431019
92.1078872680664,94.1990563713106,91.5585938319091,92.34880557080633,265600,-0.05228047169155703,97.71673004150391,95.594958152771,1.3399881289088118,-0.0005228047169153482
93.7750244140625,94.29540875593551,92.99445157737404,93.11972643010117,181700,1.8099830486222546,97.52515838623047,95.63817203521728,1.3615690180149893,0.018099830486222546
93.19684600830078,93.33175968508539,92.23317268712852,92.88847083961542,205900,-0.616559056501842,97.31914093017578,95.67863834381103,1.364272308599657,-0.0061655905650184195
91.70315551757812,93.47631087520601,91.70315551757812,93.47631087520601,194700,-1.6027264383921547,97.05711822509765,95.70805320739746,1.3938648907412945,-0.016027264383921547
91.66460418701172,92.75355233646592,91.35622903437243,92.04043617453324,236700,-0.042039262824511425,96.80868316650391,95.73483879089355,1.3033856663589898,-0.00042039262824511425
93.2835693359375,93.37993518614492,91.838059526097,91.838059526097,202100,1.7661835375657242,96.61517791748047,95.77105690002442,1.320480345647992,0.017661835375657242
94.77725982666016,94.77725982666016,93.01373606747299,93.85213441665456,293000,1.6012364249737399,96.42745437622071,95.81354911804199,1.354337261418203,0.0160123642497374
95.35546112060548,95.36509991132667,94.16050839968565,94.32433108073049,208300,0.6100633158236501,96.28386688232422,95.85964893341064,1.3518438712751961,0.006100633158236501
96.35767364501952,96.3673124348909,94.98925957298226,95.10490299471142,198600,1.0510279250251386,96.16803329467774,95.9108076095581,1.3073174169643753,0.010510279250251164
96.23240661621094,96.69496563628164,95.59637877330991,96.45404733559059,187400,-0.13000213067625443,96.07205169677735,95.96191326141357,1.2876202905716336,-0.0013000213067623223
97.1768035888672,97.51409509631901,96.49259648766017,96.49259648766017,123100,0.9813710431483269,95.99206680297851,96.01673763275147,1.2847010297615542,0.009813710431483491
95.9722137451172,96.87806893685243,95.97221374511719,96.87806893685243,103400,-1.2395857851492442,95.88490646362305,96.0626248550415,1.2871452184079024,-0.012395857851492442
97.01549530029295,97.01549530029297,96.0108532249564,96.78365708906264,110700,1.0870662606017767,95.80632095336914,96.11387180328369,1.2855289640581185,0.010870662606017323
97.02516174316406,97.42121839809515,96.43590042850693,97.2666620403185,80900,0.009963813348767836,95.75471878051758,96.1639249420166,1.2634047535955268,9.963813348767836e-05
98.01048278808594,98.12640558755895,97.18938322599759,97.27631979809904,136500,1.0155314634054724,95.71415008544922,96.21966911315918,1.2328568870267205,0.010155314634054724
99.16001892089844,99.18899777602229,98.39687713262025,98.91851863486119,148200,1.1728705951770335,95.69329544067382,96.27977550506591,1.244634138925295,0.011728705951770335
98.3002700805664,98.80258738973848,97.99115003569054,98.53210827172249,114000,-0.8670317429223862,95.7001530456543,96.33257343292236,1.2231617382614777,-0.008670317429223862
97.08311462402344,98.60939819487368,97.08311462402344,98.57075726485171,117400,-1.2382015385567047,95.70425384521485,96.37918994903565,1.2440973381086886,-0.012382015385567047
97.46951293945312,97.53713272198283,96.73535003627092,97.3632522283345,172200,0.3980077451430253,95.73497055053711,96.42683082580567,1.1874551585473514,0.003980077451430253
98.07810974121094,98.07810974121094,97.08312959225232,97.34394669760843,106600,0.6243970893092143,95.80272216796875,96.47722808837891,1.189536454479975,0.006243970893092143
96.88992309570312,97.61442399411565,96.6774016529681,97.36326161906479,122900,-1.2114697649077466,95.83418228149414,96.51824470520019,1.1980988641749495,-0.012114697649077466
96.23303985595705,96.6001176498249,95.60513761723234,96.14609591767005,300600,-0.6779685840985317,95.87890975952149,96.55941661834717,1.1383306949996517,-0.006779685840985206
97.0348129272461,97.45985579321439,96.126776854501,96.37793184802415,157100,0.8331577932996437,95.93273391723633,96.60082317352295,1.0883097058769327,0.008331577932996437
96.59044647216795,97.45984892308826,96.59044647216797,97.2763063584486,112100,-0.4579453926615962,95.97651443481445,96.63943473815918,1.0652994239394313,-0.004579453926616184
95.57615661621094,96.44555175954505,95.46023382443123,96.26201655173209,179900,-1.0500933508463373,95.95221069335938,96.67354801177979,1.0799603471580714,-0.010500933508463262
95.25737762451172,96.60011868462772,94.93859546405145,96.03983622745587,157700,-0.3335340141153442,95.89454864501953,96.70305774688721,1.0649406217821522,-0.0033353401411534422
95.73072052001952,95.95290404595598,95.33466384770394,95.57616415545877,123200,0.49690943348623673,95.83652389526367,96.7343132019043,1.053229013230949,0.004969094334862367
94.95791625976562,96.13643147527314,94.95791625976562,95.98187512324097,95800,-0.807268822438556,95.74858825683594,96.75898159027099,1.0637399372320295,-0.00807268822438545
94.97723388671876,95.3346569696106,94.57151516776301,94.89995202501176,103700,0.020343355998120316,95.70556015014648,96.7819787979126,1.0614295053650626,0.0002034335599814252
96.55181121826172,96.70637493862097,95.09315479989152,95.09315479989152,104000,1.6578471146264429,95.67108840942383,96.8117949295044,1.0042960344490743,0.016578471146264206
95.52784729003906,96.22336925469153,95.39260772691257,96.08812969156504,154400,-1.0605331120178807,95.63849472045898,96.83371284484863,1.0282405380205673,-0.010605331120178807
94.79369354248048,96.5614774781835,94.66811604174903,96.18473760598505,148900,-0.7685232823572141,95.56982437133789,96.84985214233399,0.989730709154338,-0.00768523282357203
93.14183044433594,95.33465721335337,93.07421065767043,95.27669213192293,331600,-1.742587546084251,95.44575942993164,96.85548053741455,1.0357974098824125,-0.01742587546084262
93.7793960571289,93.7793960571289,92.01161213394349,92.90999352359476,248100,0.6845105037676769,95.36085037231446,96.86194946289062,0.9969633789952409,0.006845105037676769
91.72181701660156,93.70212255467652,91.72181701660156,93.65381954350211,250800,-2.194063010678704,95.269482421875,96.86052574157715,1.0799728725407314,-0.02194063010678704
91.91500854492188,93.05489016755898,91.66384618874659,92.14684675138938,196000,0.21062767246025071,95.19103668212891,96.8579122543335,1.0287626988722087,0.002106276724602507
94.08851623535156,94.54253796832876,92.3497111665036,93.27707141322114,170800,2.364692910154509,95.12464508056641,96.86429790496827,1.0790799898823242,0.02364692910154509
90.90071868896484,93.20946115132502,90.86207775348542,92.73612258921061,253700,-3.388083555715571,94.99989440917969,96.85407398223877,1.234458036241255,-0.03388083555715571
91.77010345458984,92.04058258030808,89.93469991149736,91.37403947049997,252500,0.956411322334838,94.93107818603515,96.84776580810546,1.2313956583486556,0.00956411322334838
91.8860321044922,92.45596924578288,91.39336945405175,91.77977138831868,160000,0.1263250726961429,94.86959182739258,96.84026477813721,1.2324646730328923,0.001263250726961651
93.88565826416016,94.07885555467222,91.28711269774881,91.91501494691936,185500,2.1762025346725222,94.86640777587891,96.84582782745362,1.2882160930345274,0.021762025346725
91.37405395507812,93.15150007299201,90.47567987510554,93.10319706288388,253600,-2.6751735627344564,94.85134567260742,96.84122810363769,1.3565975625079518,-0.026751735627344564
91.1035614013672,91.7121468112948,89.9347009545268,90.98764598614555,252000,-0.29602774748718197,94.79290496826172,96.83072498321533,1.3362955602944224,-0.0029602774748715976
91.46100616455078,91.6445487755428,90.80412496574307,91.23882261598122,110300,0.7234153066780991,93.18675857543946,96.4047274017334,1.6529506868188935,0.007234153066780991
93.6158447265625,93.6158447265625,92.56920616219954,92.7921042873486,103700,1.183610196224394,88.49041976928712,94.11086505889892,0.9949529202020185,0.011836101962244161
